"muniCd","Pref","City","JCCCd","WDCd","JCC_text","JCGCd","JCG_text","hamlogCd"
"1100","北海道","札幌市","0101",,"札幌市",,,
"1101","北海道","札幌市 中央区","0101","010101","札幌市",,,
"1102","北海道","札幌市 北区","0101","010102","札幌市",,,
"1103","北海道","札幌市 東区","0101","010103","札幌市",,,
"1104","北海道","札幌市 白石区","0101","010104","札幌市",,,
"1105","北海道","札幌市 豊平区","0101","010105","札幌市",,,
"1106","北海道","札幌市 南区","0101","010106","札幌市",,,
"1107","北海道","札幌市 西区","0101","010107","札幌市",,,
"1108","北海道","札幌市 厚別区","0101","010108","札幌市",,,
"1109","北海道","札幌市 手稲区","0101","010109","札幌市",,,
"1110","北海道","札幌市 清田区","0101","010110","札幌市",,,
"1202","北海道","函館市","0104",,"函館市",,,
"1203","北海道","小樽市","0103",,"小樽市",,,
"1204","北海道","旭川市","0102",,"旭川市",,,
"1205","北海道","室蘭市","0105",,"室蘭市",,,
"1206","北海道","釧路市","0106",,"釧路市",,,
"1207","北海道","帯広市","0107",,"帯広市",,,
"1208","北海道","北見市","0108",,"北見市",,,
"1209","北海道","夕張市","0109",,"夕張市",,,
"1210","北海道","岩見沢市","0110",,"岩見沢市",,,
"1211","北海道","網走市","0111",,"網走市",,,
"1212","北海道","留萌市","0112",,"留萌市",,,
"1213","北海道","苫小牧市","0113",,"苫小牧市",,,
"1214","北海道","稚内市","0114",,"稚内市",,,
"1215","北海道","美唄市","0115",,"美唄市",,,
"1216","北海道","芦別市","0116",,"芦別市",,,
"1217","北海道","江別市","0117",,"江別市",,,
"1218","北海道","赤平市","0118",,"赤平市",,,
"1219","北海道","紋別市","0119",,"紋別市",,,
"1220","北海道","士別市","0120",,"士別市",,,
"1221","北海道","名寄市","0121",,"名寄市",,,
"1222","北海道","三笠市","0122",,"三笠市",,,
"1223","北海道","根室市","0123",,"根室市",,,
"1224","北海道","千歳市","0124",,"千歳市",,,
"1225","北海道","滝川市","0125",,"滝川市",,,
"1226","北海道","砂川市","0126",,"砂川市",,,
"1227","北海道","歌志内市","0127",,"歌志内市",,,
"1228","北海道","深川市","0128",,"深川市",,,
"1229","北海道","富良野市","0129",,"富良野市",,,
"1230","北海道","登別市","0130",,"登別市",,,
"1231","北海道","恵庭市","0131",,"恵庭市",,,
"1233","北海道","伊達市","0133",,"伊達市",,,
"1234","北海道","北広島市","0134",,"北広島市",,,
"1235","北海道","石狩市","0135",,"石狩市",,,
"1236","北海道","北斗市","0136",,"北斗市",,,
"1303","北海道","当別町",,,,"01008","石狩郡","C"
"1304","北海道","新篠津村",,,,"01008","石狩郡","B"
"1331","北海道","松前町",,,,"01067","松前郡","B"
"1332","北海道","福島町",,,,"01067","松前郡","A"
"1333","北海道","知内町",,,,"01021","上磯郡","C"
"1334","北海道","木古内町",,,,"01021","上磯郡","B"
"1337","北海道","七飯町",,,,"01024","亀田郡","E"
"1343","北海道","鹿部町",,,,"01025","茅部郡","B"
"1345","北海道","森町",,,,"01025","茅部郡","D"
"1346","北海道","八雲町",,,,"01079","二海郡","A"
"1347","北海道","長万部町",,,,"01071","山越郡","A"
"1361","北海道","江差町",,,,"01059","檜山郡","A"
"1362","北海道","上ノ国町",,,,"01059","檜山郡","C"
"1363","北海道","厚沢部町",,,,"01059","檜山郡","B"
"1364","北海道","乙部町",,,,"01053","爾志郡","A"
"1367","北海道","奥尻町",,,,"01016","奥尻郡","A"
"1370","北海道","今金町",,,,"01040","瀬棚郡","A"
"1371","北海道","せたな町",,,,"01028","久遠郡","B"
"1391","北海道","島牧村",,,,"01034","島牧郡","A"
"1392","北海道","寿都町",,,,"01039","寿都郡","B"
"1393","北海道","黒松内町",,,,"01039","寿都郡","A"
"1394","北海道","蘭越町",,,,"01009","磯谷郡","A"
"1395","北海道","ニセコ町",,,,"01006","虻田郡","F"
"1396","北海道","真狩村",,,,"01006","虻田郡","C"
"1397","北海道","留寿都村",,,,"01006","虻田郡","D"
"1398","北海道","喜茂別町",,,,"01006","虻田郡","E"
"1399","北海道","京極町",,,,"01006","虻田郡","A"
"1400","北海道","倶知安町",,,,"01006","虻田郡","B"
"1401","北海道","共和町",,,,"01010","岩内郡","B"
"1402","北海道","岩内町",,,,"01010","岩内郡","A"
"1403","北海道","泊村",,,,"01062","古宇郡","A"
"1404","北海道","神恵内村",,,,"01062","古宇郡","B"
"1405","北海道","積丹町",,,,"01035","積丹郡","A"
"1406","北海道","古平町",,,,"01063","古平郡","A"
"1407","北海道","仁木町",,,,"01075","余市郡","B"
"1408","北海道","余市町",,,,"01075","余市郡","C"
"1409","北海道","赤井川村",,,,"01075","余市郡","A"
"1423","北海道","南幌町",,,,"01042","空知郡","C"
"1424","北海道","奈井江町",,,,"01042","空知郡","B"
"1425","北海道","上砂川町",,,,"01042","空知郡","A"
"1427","北海道","由仁町",,,,"01072","夕張郡","C"
"1428","北海道","長沼町",,,,"01072","夕張郡","B"
"1429","北海道","栗山町",,,,"01072","夕張郡","A"
"1430","北海道","月形町",,,,"01020","樺戸郡","C"
"1431","北海道","浦臼町",,,,"01020","樺戸郡","A"
"1432","北海道","新十津川町",,,,"01020","樺戸郡","B"
"1433","北海道","妹背牛町",,,,"01014","雨竜郡","B"
"1434","北海道","秩父別町",,,,"01014","雨竜郡","A"
"1436","北海道","雨竜町",,,,"01014","雨竜郡","C"
"1437","北海道","北竜町",,,,"01014","雨竜郡","E"
"1438","北海道","沼田町",,,,"01014","雨竜郡","D"
"1452","北海道","鷹栖町",,,,"01023","上川郡","D"
"1453","北海道","東神楽町",,,,"01023","上川郡","J"
"1454","北海道","当麻町",,,,"01023","上川郡","E"
"1455","北海道","比布町",,,,"01023","上川郡","F"
"1456","北海道","愛別町",,,,"01023","上川郡","G"
"1457","北海道","上川町",,,,"01023","上川郡","B"
"1458","北海道","東川町",,,,"01023","上川郡","K"
"1459","北海道","美瑛町",,,,"01023","上川郡","I"
"1460","北海道","上富良野町",,,,"01043","空知郡","B"
"1461","北海道","中富良野町",,,,"01043","空知郡","A"
"1462","北海道","南富良野町",,,,"01043","空知郡","C"
"1463","北海道","占冠村",,,,"01074","勇払郡","A"
"1464","北海道","和寒町",,,,"01023","上川郡","M"
"1465","北海道","剣淵町",,,,"01023","上川郡","C"
"1468","北海道","下川町",,,,"01023","上川郡","H"
"1469","北海道","美深町",,,,"01050","中川郡","C"
"1470","北海道","音威子府村",,,,"01050","中川郡","A"
"1471","北海道","中川町",,,,"01050","中川郡","B"
"1472","北海道","幌加内町",,,,"01081","雨竜郡","A"
"1481","北海道","増毛町",,,,"01066","増毛郡","A"
"1482","北海道","小平町",,,,"01077","留萌郡","A"
"1483","北海道","苫前町",,,,"01049","苫前郡","B"
"1484","北海道","羽幌町",,,,"01049","苫前郡","C"
"1485","北海道","初山別村",,,,"01049","苫前郡","A"
"1486","北海道","遠別町",,,,"01045","天塩郡","A"
"1487","北海道","天塩町",,,,"01045","天塩郡","B"
"1511","北海道","猿払村",,,,"01041","宗谷郡","A"
"1512","北海道","浜頓別町",,,,"01015","枝幸郡","D"
"1513","北海道","中頓別町",,,,"01015","枝幸郡","C"
"1514","北海道","枝幸町",,,,"01015","枝幸郡","B"
"1516","北海道","豊富町",,,,"01046","天塩郡","A"
"1517","北海道","礼文町",,,,"01078","礼文郡","A"
"1518","北海道","利尻町",,,,"01076","利尻郡","B"
"1519","北海道","利尻富士町",,,,"01076","利尻郡","A"
"1520","北海道","幌延町",,,,"01046","天塩郡","B"
"1543","北海道","美幌町",,,,"01005","網走郡","D"
"1544","北海道","津別町",,,,"01005","網走郡","B"
"1545","北海道","斜里町",,,,"01036","斜里郡","C"
"1546","北海道","清里町",,,,"01036","斜里郡","A"
"1547","北海道","小清水町",,,,"01036","斜里郡","B"
"1549","北海道","訓子府町",,,,"01048","常呂郡","A"
"1550","北海道","置戸町",,,,"01048","常呂郡","B"
"1552","北海道","佐呂間町",,,,"01048","常呂郡","C"
"1555","北海道","遠軽町",,,,"01070","紋別郡","D"
"1559","北海道","湧別町",,,,"01070","紋別郡","J"
"1560","北海道","滝上町",,,,"01070","紋別郡","H"
"1561","北海道","興部町",,,,"01070","紋別郡","F"
"1562","北海道","西興部村",,,,"01070","紋別郡","I"
"1563","北海道","雄武町",,,,"01070","紋別郡","E"
"1564","北海道","大空町",,,,"01005","網走郡","E"
"1571","北海道","豊浦町",,,,"01007","虻田郡","C"
"1575","北海道","壮瞥町",,,,"01011","有珠郡","B"
"1578","北海道","白老町",,,,"01037","白老郡","A"
"1581","北海道","厚真町",,,,"01073","勇払郡","C"
"1584","北海道","洞爺湖町",,,,"01007","虻田郡","D"
"1585","北海道","安平町",,,,"01073","勇払郡","F"
"1586","北海道","むかわ町",,,,"01073","勇払郡","G"
"1601","北海道","日高町",,,,"01031","沙流郡","A"
"1602","北海道","平取町",,,,"01031","沙流郡","B"
"1604","北海道","新冠町",,,,"01052","新冠郡","A"
"1607","北海道","浦河町",,,,"01013","浦河郡","A"
"1608","北海道","様似町",,,,"01030","様似郡","A"
"1609","北海道","えりも町",,,,"01064","幌泉郡","A"
"1610","北海道","新ひだか町",,,,"01080","日高郡","A"
"1631","北海道","音更町",,,,"01019","河東郡","A"
"1632","北海道","士幌町",,,,"01019","河東郡","D"
"1633","北海道","上士幌町",,,,"01019","河東郡","B"
"1634","北海道","鹿追町",,,,"01019","河東郡","C"
"1635","北海道","新得町",,,,"01022","上川郡","B"
"1636","北海道","清水町",,,,"01022","上川郡","A"
"1637","北海道","芽室町",,,,"01018","河西郡","C"
"1638","北海道","中札内村",,,,"01018","河西郡","B"
"1639","北海道","更別村",,,,"01018","河西郡","A"
"1641","北海道","大樹町",,,,"01060","広尾郡","A"
"1642","北海道","広尾町",,,,"01060","広尾郡","C"
"1643","北海道","幕別町",,,,"01051","中川郡","D"
"1644","北海道","池田町",,,,"01051","中川郡","A"
"1645","北海道","豊頃町",,,,"01051","中川郡","B"
"1646","北海道","本別町",,,,"01051","中川郡","C"
"1647","北海道","足寄町",,,,"01002","足寄郡","A"
"1648","北海道","陸別町",,,,"01002","足寄郡","B"
"1649","北海道","浦幌町",,,,"01047","十勝郡","A"
"1661","北海道","釧路町",,,,"01027","釧路郡","A"
"1662","北海道","厚岸町",,,,"01003","厚岸郡","A"
"1663","北海道","浜中町",,,,"01003","厚岸郡","B"
"1664","北海道","標茶町",,,,"01026","川上郡","A"
"1665","北海道","弟子屈町",,,,"01026","川上郡","B"
"1667","北海道","鶴居村",,,,"01001","阿寒郡","B"
"1668","北海道","白糠町",,,,"01038","白糠郡","B"
"1691","北海道","別海町",,,,"01055","野付郡","A"
"1692","北海道","中標津町",,,,"01033","標津郡","B"
"1693","北海道","標津町",,,,"01033","標津郡","A"
"1694","北海道","羅臼町",,,,"01069","目梨郡","A"
"1695","北海道","色丹村",,,,"99999","色丹郡",
"1696","北海道","泊村",,,,"01062","古宇郡","A"
"1697","北海道","留夜別村",,,,"99999","国後郡",
"1698","北海道","留別村",,,,"01023","択捉郡",
"1699","北海道","紗那村",,,,"01036","紗那郡",
"1700","北海道","蘂取村",,,,"01059","蘂取郡",
"2201","青森県","青森市","0201",,"青森市",,,
"2202","青森県","弘前市","0202",,"弘前市",,,
"2203","青森県","八戸市","0203",,"八戸市",,,
"2204","青森県","黒石市","0204",,"黒石市",,,
"2205","青森県","五所川原市","0205",,"五所川原市",,,
"2206","青森県","十和田市","0206",,"十和田市",,,
"2207","青森県","三沢市","0207",,"三沢市",,,
"2208","青森県","むつ市","0208",,"むつ市",,,
"2209","青森県","つがる市","0209",,"つがる市",,,
"2210","青森県","平川市","0210",,"平川市",,,
"2301","青森県","平内町",,,,"02007","東津軽郡","F"
"2303","青森県","今別町",,,,"02007","東津軽郡","E"
"2304","青森県","蓬田村",,,,"02007","東津軽郡","D"
"2307","青森県","外ヶ浜町",,,,"02007","東津軽郡","G"
"2321","青森県","鰺ヶ沢町",,,,"02006","西津軽郡","E"
"2323","青森県","深浦町",,,,"02006","西津軽郡","H"
"2343","青森県","西目屋村",,,,"02005","中津軽郡","B"
"2361","青森県","藤崎町",,,,"02008","南津軽郡","F"
"2362","青森県","大鰐町",,,,"02008","南津軽郡","G"
"2367","青森県","田舎館村",,,,"02008","南津軽郡","B"
"2381","青森県","板柳町",,,,"02002","北津軽郡","D"
"2384","青森県","鶴田町",,,,"02002","北津軽郡","B"
"2387","青森県","中泊町",,,,"02002","北津軽郡","G"
"2401","青森県","野辺地町",,,,"02001","上北郡","D"
"2402","青森県","七戸町",,,,"02001","上北郡","B"
"2405","青森県","六戸町",,,,"02001","上北郡","J"
"2406","青森県","横浜町",,,,"02001","上北郡","E"
"2408","青森県","東北町",,,,"02001","上北郡","C"
"2411","青森県","六ヶ所村",,,,"02001","上北郡","K"
"2412","青森県","おいらせ町",,,,"02001","上北郡","L"
"2423","青森県","大間町",,,,"02004","下北郡","B"
"2424","青森県","東通村",,,,"02004","下北郡","G"
"2425","青森県","風間浦村",,,,"02004","下北郡","C"
"2426","青森県","佐井村",,,,"02004","下北郡","D"
"2441","青森県","三戸町",,,,"02003","三戸郡","E"
"2442","青森県","五戸町",,,,"02003","三戸郡","D"
"2443","青森県","田子町",,,,"02003","三戸郡","G"
"2445","青森県","南部町",,,,"02003","三戸郡","J"
"2446","青森県","階上町",,,,"02003","三戸郡","B"
"2450","青森県","新郷村",,,,"02003","三戸郡","F"
"3201","岩手県","盛岡市","0301",,"盛岡市",,,
"3202","岩手県","宮古市","0303",,"宮古市",,,
"3203","岩手県","大船渡市","0305",,"大船渡市",,,
"3205","岩手県","花巻市","0307",,"花巻市",,,
"3206","岩手県","北上市","0308",,"北上市",,,
"3207","岩手県","久慈市","0309",,"久慈市",,,
"3208","岩手県","遠野市","0310",,"遠野市",,,
"3209","岩手県","一関市","0304",,"一関市",,,
"3210","岩手県","陸前高田市","0311",,"陸前高田市",,,
"3211","岩手県","釜石市","0302",,"釜石市",,,
"3213","岩手県","二戸市","0313",,"二戸市",,,
"3214","岩手県","八幡平市","0314",,"八幡平市",,,
"3215","岩手県","奥州市","0315",,"奥州市",,,
"3216","岩手県","滝沢市","0316",,"滝沢市",,,
"3301","岩手県","雫石町",,,,"03002","岩手郡","D"
"3302","岩手県","葛巻町",,,,"03002","岩手郡","C"
"3303","岩手県","岩手町",,,,"03002","岩手郡","B"
"3321","岩手県","紫波町",,,,"03008","紫波郡","B"
"3322","岩手県","矢巾町",,,,"03008","紫波郡","A"
"3366","岩手県","西和賀町",,,,"03013","和賀郡","F"
"3381","岩手県","金ケ崎町",,,,"03001","胆沢郡","A"
"3402","岩手県","平泉町",,,,"03009","西磐井郡","A"
"3441","岩手県","住田町",,,,"03006","気仙郡","B"
"3461","岩手県","大槌町",,,,"03004","上閉伊郡","A"
"3482","岩手県","山田町",,,,"03007","下閉伊郡","G"
"3483","岩手県","岩泉町",,,,"03007","下閉伊郡","E"
"3484","岩手県","田野畑村",,,,"03007","下閉伊郡","A"
"3485","岩手県","普代村",,,,"03007","下閉伊郡","D"
"3501","岩手県","軽米町",,,,"03005","九戸郡","D"
"3503","岩手県","野田村",,,,"03005","九戸郡","C"
"3506","岩手県","九戸村",,,,"03005","九戸郡","E"
"3507","岩手県","洋野町",,,,"03005","九戸郡","G"
"3524","岩手県","一戸町",,,,"03010","二戸郡","C"
"4100","宮城県","仙台市","0601",,"仙台市",,,
"4101","宮城県","仙台市 青葉区","0601","060101","仙台市",,,
"4102","宮城県","仙台市 宮城野区","0601","060102","仙台市",,,
"4103","宮城県","仙台市 若林区","0601","060103","仙台市",,,
"4104","宮城県","仙台市 太白区","0601","060104","仙台市",,,
"4105","宮城県","仙台市 泉区","0601","060105","仙台市",,,
"4202","宮城県","石巻市","0602",,"石巻市",,,
"4203","宮城県","塩竈市","0603",,"塩竈市",,,
"4205","宮城県","気仙沼市","0605",,"気仙沼市",,,
"4206","宮城県","白石市","0606",,"白石市",,,
"4207","宮城県","名取市","0607",,"名取市",,,
"4208","宮城県","角田市","0608",,"角田市",,,
"4209","宮城県","多賀城市","0609",,"多賀城市",,,
"4211","宮城県","岩沼市","0611",,"岩沼市",,,
"4212","宮城県","登米市","0612",,"登米市",,,
"4213","宮城県","栗原市","0613",,"栗原市",,,
"4214","宮城県","東松島市","0614",,"東松島市",,,
"4215","宮城県","大崎市","0615",,"大崎市",,,
"4216","宮城県","富谷市","0616",,"富谷市",,,
"4301","宮城県","蔵王町",,,,"06003","刈田郡","A"
"4302","宮城県","七ケ宿町",,,,"06003","刈田郡","B"
"4321","宮城県","大河原町",,,,"06008","柴田郡","A"
"4322","宮城県","村田町",,,,"06008","柴田郡","D"
"4323","宮城県","柴田町",,,,"06008","柴田郡","C"
"4324","宮城県","川崎町",,,,"06008","柴田郡","B"
"4341","宮城県","丸森町",,,,"06001","伊具郡","A"
"4361","宮城県","亘理町",,,,"06016","亘理郡","A"
"4362","宮城県","山元町",,,,"06016","亘理郡","B"
"4401","宮城県","松島町",,,,"06013","宮城郡","B"
"4404","宮城県","七ヶ浜町",,,,"06013","宮城郡","A"
"4406","宮城県","利府町",,,,"06013","宮城郡","C"
"4421","宮城県","大和町",,,,"06006","黒川郡","D"
"4422","宮城県","大郷町",,,,"06006","黒川郡","A"
"4424","宮城県","大衡村",,,,"06006","黒川郡","B"
"4444","宮城県","色麻町",,,,"06004","加美郡","B"
"4445","宮城県","加美町",,,,"06004","加美郡","E"
"4501","宮城県","涌谷町",,,,"06010","遠田郡","D"
"4505","宮城県","美里町",,,,"06010","遠田郡","E"
"4581","宮城県","女川町",,,,"06002","牡鹿郡","A"
"4606","宮城県","南三陸町",,,,"06014","本吉郡","F"
"5201","秋田県","秋田市","0401",,"秋田市",,,
"5202","秋田県","能代市","0402",,"能代市",,,
"5203","秋田県","横手市","0404",,"横手市",,,
"5204","秋田県","大館市","0403",,"大館市",,,
"5206","秋田県","男鹿市","0406",,"男鹿市",,,
"5207","秋田県","湯沢市","0407",,"湯沢市",,,
"5209","秋田県","鹿角市","0409",,"鹿角市",,,
"5210","秋田県","由利本荘市","0410",,"由利本荘市",,,
"5211","秋田県","潟上市","0411",,"潟上市",,,
"5212","秋田県","大仙市","0412",,"大仙市",,,
"5213","秋田県","北秋田市","0413",,"北秋田市",,,
"5214","秋田県","にかほ市","0414",,"にかほ市",,,
"5215","秋田県","仙北市","0415",,"仙北市",,,
"5303","秋田県","小坂町",,,,"04002","鹿角郡","A"
"5327","秋田県","上小阿仁村",,,,"04004","北秋田郡","A"
"5346","秋田県","藤里町",,,,"04008","山本郡","C"
"5348","秋田県","三種町",,,,"04008","山本郡","H"
"5349","秋田県","八峰町",,,,"04008","山本郡","I"
"5361","秋田県","五城目町",,,,"04007","南秋田郡","F"
"5363","秋田県","八郎潟町",,,,"04007","南秋田郡","D"
"5366","秋田県","井川町",,,,"04007","南秋田郡","B"
"5368","秋田県","大潟村",,,,"04007","南秋田郡","E"
"5434","秋田県","美郷町",,,,"04005","仙北郡","N"
"5463","秋田県","羽後町",,,,"04001","雄勝郡","C"
"5464","秋田県","東成瀬村",,,,"04001","雄勝郡","A"
"6201","山形県","山形市","0501",,"山形市",,,
"6202","山形県","米沢市","0502",,"米沢市",,,
"6203","山形県","鶴岡市","0503",,"鶴岡市",,,
"6204","山形県","酒田市","0504",,"酒田市",,,
"6205","山形県","新庄市","0505",,"新庄市",,,
"6206","山形県","寒河江市","0506",,"寒河江市",,,
"6207","山形県","上山市","0507",,"上山市",,,
"6208","山形県","村山市","0508",,"村山市",,,
"6209","山形県","長井市","0509",,"長井市",,,
"6210","山形県","天童市","0510",,"天童市",,,
"6211","山形県","東根市","0511",,"東根市",,,
"6212","山形県","尾花沢市","0512",,"尾花沢市",,,
"6213","山形県","南陽市","0513",,"南陽市",,,
"6301","山形県","山辺町",,,,"05008","東村山郡","B"
"6302","山形県","中山町",,,,"05008","東村山郡","A"
"6321","山形県","河北町",,,,"05005","西村山郡","A"
"6322","山形県","西川町",,,,"05005","西村山郡","D"
"6323","山形県","朝日町",,,,"05005","西村山郡","B"
"6324","山形県","大江町",,,,"05005","西村山郡","C"
"6341","山形県","大石田町",,,,"05002","北村山郡","A"
"6361","山形県","金山町",,,,"05011","最上郡","A"
"6362","山形県","最上町",,,,"05011","最上郡","G"
"6363","山形県","舟形町",,,,"05011","最上郡","E"
"6364","山形県","真室川町",,,,"05011","最上郡","F"
"6365","山形県","大蔵村",,,,"05011","最上郡","C"
"6366","山形県","鮭川村",,,,"05011","最上郡","B"
"6367","山形県","戸沢村",,,,"05011","最上郡","D"
"6381","山形県","高畠町",,,,"05006","東置賜郡","B"
"6382","山形県","川西町",,,,"05006","東置賜郡","A"
"6401","山形県","小国町",,,,"05003","西置賜郡","B"
"6402","山形県","白鷹町",,,,"05003","西置賜郡","C"
"6403","山形県","飯豊町",,,,"05003","西置賜郡","A"
"6426","山形県","三川町",,,,"05007","東田川郡","C"
"6428","山形県","庄内町",,,,"05007","東田川郡","H"
"6461","山形県","遊佐町",,,,"05001","飽海郡","D"
"7201","福島県","福島市","0701",,"福島市",,,
"7202","福島県","会津若松市","0702",,"会津若松市",,,
"7203","福島県","郡山市","0703",,"郡山市",,,
"7204","福島県","いわき市","0715",,"いわき市",,,
"7205","福島県","白河市","0705",,"白河市",,,
"7207","福島県","須賀川市","0707",,"須賀川市",,,
"7208","福島県","喜多方市","0708",,"喜多方市",,,
"7209","福島県","相馬市","0711",,"相馬市",,,
"7210","福島県","二本松市","0714",,"二本松市",,,
"7211","福島県","田村市","0717",,"田村市",,,
"7212","福島県","南相馬市","0718",,"南相馬市",,,
"7213","福島県","伊達市","0719",,"伊達市",,,
"7214","福島県","本宮市","0720",,"本宮市",,,
"7301","福島県","桑折町",,,,"07011","伊達郡","C"
"7303","福島県","国見町",,,,"07011","伊達郡","B"
"7308","福島県","川俣町",,,,"07011","伊達郡","H"
"7322","福島県","大玉村",,,,"07002","安達郡","D"
"7342","福島県","鏡石町",,,,"07005","岩瀬郡","A"
"7344","福島県","天栄村",,,,"07005","岩瀬郡","C"
"7362","福島県","下郷町",,,,"07016","南会津郡","E"
"7364","福島県","檜枝岐村",,,,"07016","南会津郡","C"
"7367","福島県","只見町",,,,"07016","南会津郡","G"
"7368","福島県","南会津町",,,,"07016","南会津郡","H"
"7402","福島県","北塩原村",,,,"07017","耶麻郡","E"
"7405","福島県","西会津町",,,,"07017","耶麻郡","G"
"7407","福島県","磐梯町",,,,"07017","耶麻郡","B"
"7408","福島県","猪苗代町",,,,"07017","耶麻郡","D"
"7421","福島県","会津坂下町",,,,"07007","河沼郡","C"
"7422","福島県","湯川村",,,,"07007","河沼郡","B"
"7423","福島県","柳津町",,,,"07007","河沼郡","D"
"7444","福島県","三島町",,,,"07006","大沼郡","F"
"7445","福島県","金山町",,,,"07006","大沼郡","D"
"7446","福島県","昭和村",,,,"07006","大沼郡","E"
"7447","福島県","会津美里町",,,,"07006","大沼郡","G"
"7461","福島県","西郷村",,,,"07013","西白河郡","E"
"7464","福島県","泉崎村",,,,"07013","西白河郡","A"
"7465","福島県","中島村",,,,"07013","西白河郡","D"
"7466","福島県","矢吹町",,,,"07013","西白河郡","G"
"7481","福島県","棚倉町",,,,"07014","東白川郡","C"
"7482","福島県","矢祭町",,,,"07014","東白川郡","E"
"7483","福島県","塙町",,,,"07014","東白川郡","D"
"7484","福島県","鮫川村",,,,"07014","東白川郡","A"
"7501","福島県","石川町",,,,"07003","石川郡","B"
"7502","福島県","玉川村",,,,"07003","石川郡","C"
"7503","福島県","平田村",,,,"07003","石川郡","D"
"7504","福島県","浅川町",,,,"07003","石川郡","A"
"7505","福島県","古殿町",,,,"07003","石川郡","E"
"7521","福島県","三春町",,,,"07012","田村郡","G"
"7522","福島県","小野町",,,,"07012","田村郡","E"
"7541","福島県","広野町",,,,"07015","双葉郡","C"
"7542","福島県","楢葉町",,,,"07015","双葉郡","H"
"7543","福島県","富岡町",,,,"07015","双葉郡","B"
"7544","福島県","川内村",,,,"07015","双葉郡","F"
"7545","福島県","大熊町",,,,"07015","双葉郡","A"
"7546","福島県","双葉町",,,,"07015","双葉郡","D"
"7547","福島県","浪江町",,,,"07015","双葉郡","G"
"7548","福島県","葛尾村",,,,"07015","双葉郡","E"
"7561","福島県","新地町",,,,"07010","相馬郡","D"
"7564","福島県","飯舘村",,,,"07010","相馬郡","B"
"8201","茨城県","水戸市","1401",,"水戸市",,,
"8202","茨城県","日立市","1402",,"日立市",,,
"8203","茨城県","土浦市","1403",,"土浦市",,,
"8204","茨城県","古河市","1404",,"古河市",,,
"8205","茨城県","石岡市","1405",,"石岡市",,,
"8207","茨城県","結城市","1407",,"結城市",,,
"8208","茨城県","龍ケ崎市","1408",,"龍ケ崎市",,,
"8210","茨城県","下妻市","1410",,"下妻市",,,
"8211","茨城県","常総市","1435",,"常総市",,,
"8212","茨城県","常陸太田市","1412",,"常陸太田市",,,
"8214","茨城県","高萩市","1414",,"高萩市",,,
"8215","茨城県","北茨城市","1415",,"北茨城市",,,
"8216","茨城県","笠間市","1416",,"笠間市",,,
"8217","茨城県","取手市","1417",,"取手市",,,
"8219","茨城県","牛久市","1419",,"牛久市",,,
"8220","茨城県","つくば市","1420",,"つくば市",,,
"8221","茨城県","ひたちなか市","1421",,"ひたちなか市",,,
"8222","茨城県","鹿嶋市","1422",,"鹿嶋市",,,
"8223","茨城県","潮来市","1423",,"潮来市",,,
"8224","茨城県","守谷市","1424",,"守谷市",,,
"8225","茨城県","常陸大宮市","1425",,"常陸大宮市",,,
"8226","茨城県","那珂市","1426",,"那珂市",,,
"8227","茨城県","筑西市","1427",,"筑西市",,,
"8228","茨城県","坂東市","1428",,"坂東市",,,
"8229","茨城県","稲敷市","1429",,"稲敷市",,,
"8230","茨城県","かすみがうら市","1430",,"かすみがうら市",,,
"8231","茨城県","桜川市","1431",,"桜川市",,,
"8232","茨城県","神栖市","1432",,"神栖市",,,
"8233","茨城県","行方市","1433",,"行方市",,,
"8234","茨城県","鉾田市","1434",,"鉾田市",,,
"8235","茨城県","つくばみらい市","1436",,"つくばみらい市",,,
"8236","茨城県","小美玉市","1437",,"小美玉市",,,
"8302","茨城県","茨城町",,,,"14012","東茨城郡","A"
"8309","茨城県","大洗町",,,,"14012","東茨城郡","C"
"8310","茨城県","城里町",,,,"14012","東茨城郡","J"
"8341","茨城県","東海村",,,,"14008","那珂郡","A"
"8364","茨城県","大子町",,,,"14004","久慈郡","D"
"8442","茨城県","美浦村",,,,"14001","稲敷郡","I"
"8443","茨城県","阿見町",,,,"14001","稲敷郡","E"
"8447","茨城県","河内町",,,,"14001","稲敷郡","G"
"8521","茨城県","八千代町",,,,"14014","結城郡","C"
"8542","茨城県","五霞町",,,,"14005","猿島郡","A"
"8546","茨城県","境町",,,,"14005","猿島郡","B"
"8564","茨城県","利根町",,,,"14003","北相馬郡","A"
"9201","栃木県","宇都宮市","1501",,"宇都宮市",,,
"9202","栃木県","足利市","1502",,"足利市",,,
"9203","栃木県","栃木市","1503",,"栃木市",,,
"9204","栃木県","佐野市","1504",,"佐野市",,,
"9205","栃木県","鹿沼市","1505",,"鹿沼市",,,
"9206","栃木県","日光市","1506",,"日光市",,,
"9208","栃木県","小山市","1508",,"小山市",,,
"9209","栃木県","真岡市","1509",,"真岡市",,,
"9210","栃木県","大田原市","1510",,"大田原市",,,
"9211","栃木県","矢板市","1511",,"矢板市",,,
"9213","栃木県","那須塩原市","1513",,"那須塩原市",,,
"9214","栃木県","さくら市","1514",,"さくら市",,,
"9215","栃木県","那須烏山市","1515",,"那須烏山市",,,
"9216","栃木県","下野市","1516",,"下野市",,,
"9301","栃木県","上三川町",,,,"15004","河内郡","C"
"9342","栃木県","益子町",,,,"15008","芳賀郡","D"
"9343","栃木県","茂木町",,,,"15008","芳賀郡","E"
"9344","栃木県","市貝町",,,,"15008","芳賀郡","A"
"9345","栃木県","芳賀町",,,,"15008","芳賀郡","C"
"9361","栃木県","壬生町",,,,"15006","下都賀郡","D"
"9364","栃木県","野木町",,,,"15006","下都賀郡","C"
"9384","栃木県","塩谷町",,,,"15005","塩谷郡","F"
"9386","栃木県","高根沢町",,,,"15005","塩谷郡","C"
"9407","栃木県","那須町",,,,"15007","那須郡","G"
"9411","栃木県","那珂川町",,,,"15007","那須郡","J"
"10201","群馬県","前橋市","1601",,"前橋市",,,
"10202","群馬県","高崎市","1602",,"高崎市",,,
"10203","群馬県","桐生市","1603",,"桐生市",,,
"10204","群馬県","伊勢崎市","1604",,"伊勢崎市",,,
"10205","群馬県","太田市","1605",,"太田市",,,
"10206","群馬県","沼田市","1606",,"沼田市",,,
"10207","群馬県","館林市","1607",,"館林市",,,
"10208","群馬県","渋川市","1608",,"渋川市",,,
"10209","群馬県","藤岡市","1609",,"藤岡市",,,
"10210","群馬県","富岡市","1610",,"富岡市",,,
"10211","群馬県","安中市","1611",,"安中市",,,
"10212","群馬県","みどり市","1612",,"みどり市",,,
"10344","群馬県","榛東村",,,,"16005","北群馬郡","E"
"10345","群馬県","吉岡町",,,,"16005","北群馬郡","D"
"10366","群馬県","上野村",,,,"16009","多野郡","F"
"10367","群馬県","神流町",,,,"16009","多野郡","G"
"10382","群馬県","下仁田町",,,,"16004","甘楽郡","B"
"10383","群馬県","南牧村",,,,"16004","甘楽郡","C"
"10384","群馬県","甘楽町",,,,"16004","甘楽郡","A"
"10421","群馬県","中之条町",,,,"16001","吾妻郡","H"
"10424","群馬県","長野原町",,,,"16001","吾妻郡","G"
"10425","群馬県","嬬恋村",,,,"16001","吾妻郡","F"
"10426","群馬県","草津町",,,,"16001","吾妻郡","B"
"10428","群馬県","高山村",,,,"16001","吾妻郡","C"
"10429","群馬県","東吾妻町",,,,"16001","吾妻郡","I"
"10443","群馬県","片品村",,,,"16010","利根郡","A"
"10444","群馬県","川場村",,,,"16010","利根郡","B"
"10448","群馬県","昭和村",,,,"16010","利根郡","C"
"10449","群馬県","みなかみ町",,,,"16010","利根郡","I"
"10464","群馬県","玉村町",,,,"16007","佐波郡","D"
"10521","群馬県","板倉町",,,,"16003","邑楽郡","A"
"10522","群馬県","明和町",,,,"16003","邑楽郡","D"
"10523","群馬県","千代田町",,,,"16003","邑楽郡","E"
"10524","群馬県","大泉町",,,,"16003","邑楽郡","C"
"10525","群馬県","邑楽町",,,,"16003","邑楽郡","B"
"11100","埼玉県","さいたま市","1344",,"さいたま市",,,
"11101","埼玉県","さいたま市 西区","1344","134401","さいたま市",,,
"11102","埼玉県","さいたま市 北区","1344","134402","さいたま市",,,
"11103","埼玉県","さいたま市 大宮区","1344","134403","さいたま市",,,
"11104","埼玉県","さいたま市 見沼区","1344","134404","さいたま市",,,
"11105","埼玉県","さいたま市 中央区","1344","134405","さいたま市",,,
"11106","埼玉県","さいたま市 桜区","1344","134406","さいたま市",,,
"11107","埼玉県","さいたま市 浦和区","1344","134407","さいたま市",,,
"11108","埼玉県","さいたま市 南区","1344","134408","さいたま市",,,
"11109","埼玉県","さいたま市 緑区","1344","134409","さいたま市",,,
"11110","埼玉県","さいたま市 岩槻区","1344","134410","さいたま市",,,
"11201","埼玉県","川越市","1302",,"川越市",,,
"11202","埼玉県","熊谷市","1303",,"熊谷市",,,
"11203","埼玉県","川口市","1304",,"川口市",,,
"11206","埼玉県","行田市","1306",,"行田市",,,
"11207","埼玉県","秩父市","1307",,"秩父市",,,
"11208","埼玉県","所沢市","1308",,"所沢市",,,
"11209","埼玉県","飯能市","1309",,"飯能市",,,
"11210","埼玉県","加須市","1310",,"加須市",,,
"11211","埼玉県","本庄市","1311",,"本庄市",,,
"11212","埼玉県","東松山市","1312",,"東松山市",,,
"11214","埼玉県","春日部市","1314",,"春日部市",,,
"11215","埼玉県","狭山市","1315",,"狭山市",,,
"11216","埼玉県","羽生市","1316",,"羽生市",,,
"11217","埼玉県","鴻巣市","1317",,"鴻巣市",,,
"11218","埼玉県","深谷市","1318",,"深谷市",,,
"11219","埼玉県","上尾市","1319",,"上尾市",,,
"11221","埼玉県","草加市","1321",,"草加市",,,
"11222","埼玉県","越谷市","1322",,"越谷市",,,
"11223","埼玉県","蕨市","1323",,"蕨市",,,
"11224","埼玉県","戸田市","1324",,"戸田市",,,
"11225","埼玉県","入間市","1325",,"入間市",,,
"11227","埼玉県","朝霞市","1327",,"朝霞市",,,
"11228","埼玉県","志木市","1328",,"志木市",,,
"11229","埼玉県","和光市","1329",,"和光市",,,
"11230","埼玉県","新座市","1330",,"新座市",,,
"11231","埼玉県","桶川市","1331",,"桶川市",,,
"11232","埼玉県","久喜市","1332",,"久喜市",,,
"11233","埼玉県","北本市","1333",,"北本市",,,
"11234","埼玉県","八潮市","1334",,"八潮市",,,
"11235","埼玉県","富士見市","1336",,"富士見市",,,
"11237","埼玉県","三郷市","1337",,"三郷市",,,
"11238","埼玉県","蓮田市","1338",,"蓮田市",,,
"11239","埼玉県","坂戸市","1339",,"坂戸市",,,
"11240","埼玉県","幸手市","1340",,"幸手市",,,
"11241","埼玉県","鶴ヶ島市","1341",,"鶴ヶ島市",,,
"11242","埼玉県","日高市","1342",,"日高市",,,
"11243","埼玉県","吉川市","1343",,"吉川市",,,
"11245","埼玉県","ふじみ野市","1345",,"ふじみ野市",,,
"11246","埼玉県","白岡市","1346",,"白岡市",,,
"11301","埼玉県","伊奈町",,,,"13003","北足立郡","A"
"11324","埼玉県","三芳町",,,,"13001","入間郡","F"
"11326","埼玉県","毛呂山町",,,,"13001","入間郡","G"
"11327","埼玉県","越生町",,,,"13001","入間郡","B"
"11341","埼玉県","滑川町",,,,"13008","比企郡","D"
"11342","埼玉県","嵐山町",,,,"13008","比企郡","G"
"11343","埼玉県","小川町",,,,"13008","比企郡","A"
"11346","埼玉県","川島町",,,,"13008","比企郡","B"
"11347","埼玉県","吉見町",,,,"13008","比企郡","F"
"11348","埼玉県","鳩山町",,,,"13008","比企郡","E"
"11349","埼玉県","ときがわ町",,,,"13008","比企郡","I"
"11361","埼玉県","横瀬町",,,,"13007","秩父郡","E"
"11362","埼玉県","皆野町",,,,"13007","秩父郡","I"
"11363","埼玉県","長瀞町",,,,"13007","秩父郡","C"
"11365","埼玉県","小鹿野町",,,,"13007","秩父郡","B"
"11369","埼玉県","東秩父村",,,,"13007","秩父郡","D"
"11381","埼玉県","美里町",,,,"13006","児玉郡","C"
"11383","埼玉県","神川町",,,,"13006","児玉郡","D"
"11385","埼玉県","上里町",,,,"13006","児玉郡","B"
"11408","埼玉県","寄居町",,,,"13002","大里郡","F"
"11442","埼玉県","宮代町",,,,"13009","南埼玉郡","C"
"11464","埼玉県","杉戸町",,,,"13004","北葛飾郡","D"
"11465","埼玉県","松伏町",,,,"13004","北葛飾郡","E"
"12100","千葉県","千葉市","1201",,"千葉市",,,
"12101","千葉県","千葉市 中央区","1201","120101","千葉市",,,
"12102","千葉県","千葉市 花見川区","1201","120102","千葉市",,,
"12103","千葉県","千葉市 稲毛区","1201","120103","千葉市",,,
"12104","千葉県","千葉市 若葉区","1201","120104","千葉市",,,
"12105","千葉県","千葉市 緑区","1201","120105","千葉市",,,
"12106","千葉県","千葉市 美浜区","1201","120106","千葉市",,,
"12202","千葉県","銚子市","1202",,"銚子市",,,
"12203","千葉県","市川市","1203",,"市川市",,,
"12204","千葉県","船橋市","1204",,"船橋市",,,
"12205","千葉県","館山市","1205",,"館山市",,,
"12206","千葉県","木更津市","1206",,"木更津市",,,
"12207","千葉県","松戸市","1207",,"松戸市",,,
"12208","千葉県","野田市","1208",,"野田市",,,
"12210","千葉県","茂原市","1210",,"茂原市",,,
"12211","千葉県","成田市","1211",,"成田市",,,
"12212","千葉県","佐倉市","1212",,"佐倉市",,,
"12213","千葉県","東金市","1213",,"東金市",,,
"12215","千葉県","旭市","1215",,"旭市",,,
"12216","千葉県","習志野市","1216",,"習志野市",,,
"12217","千葉県","柏市","1217",,"柏市",,,
"12218","千葉県","勝浦市","1218",,"勝浦市",,,
"12219","千葉県","市原市","1219",,"市原市",,,
"12220","千葉県","流山市","1220",,"流山市",,,
"12221","千葉県","八千代市","1221",,"八千代市",,,
"12222","千葉県","我孫子市","1222",,"我孫子市",,,
"12223","千葉県","鴨川市","1223",,"鴨川市",,,
"12224","千葉県","鎌ケ谷市","1225",,"鎌ケ谷市",,,
"12225","千葉県","君津市","1224",,"君津市",,,
"12226","千葉県","富津市","1226",,"富津市",,,
"12227","千葉県","浦安市","1227",,"浦安市",,,
"12228","千葉県","四街道市","1228",,"四街道市",,,
"12229","千葉県","袖ケ浦市","1229",,"袖ケ浦市",,,
"12230","千葉県","八街市","1230",,"八街市",,,
"12231","千葉県","印西市","1231",,"印西市",,,
"12232","千葉県","白井市","1232",,"白井市",,,
"12233","千葉県","富里市","1233",,"富里市",,,
"12234","千葉県","南房総市","1234",,"南房総市",,,
"12235","千葉県","匝瑳市","1235",,"匝瑳市",,,
"12236","千葉県","香取市","1236",,"香取市",,,
"12237","千葉県","山武市","1237",,"山武市",,,
"12238","千葉県","いすみ市","1238",,"いすみ市",,,
"12239","千葉県","大網白里市","1239",,"大網白里市",,,
"12322","千葉県","酒々井町",,,,"12004","印旛郡","D"
"12329","千葉県","栄町",,,,"12004","印旛郡","C"
"12342","千葉県","神崎町",,,,"12006","香取郡","C"
"12347","千葉県","多古町",,,,"12006","香取郡","I"
"12349","千葉県","東庄町",,,,"12006","香取郡","F"
"12403","千葉県","九十九里町",,,,"12008","山武郡","A"
"12409","千葉県","芝山町",,,,"12008","山武郡","C"
"12410","千葉県","横芝光町",,,,"12008","山武郡","I"
"12421","千葉県","一宮町",,,,"12011","長生郡","A"
"12422","千葉県","睦沢町",,,,"12011","長生郡","F"
"12423","千葉県","長生村",,,,"12011","長生郡","C"
"12424","千葉県","白子町",,,,"12011","長生郡","B"
"12426","千葉県","長柄町",,,,"12011","長生郡","E"
"12427","千葉県","長南町",,,,"12011","長生郡","D"
"12441","千葉県","大多喜町",,,,"12002","夷隅郡","D"
"12443","千葉県","御宿町",,,,"12002","夷隅郡","C"
"12463","千葉県","鋸南町",,,,"12001","安房郡","G"
"13101","東京都","千代田区","100101",,"千代田区",,,
"13102","東京都","中央区","100102",,"中央区",,,
"13103","東京都","港区","100103",,"港区",,,
"13104","東京都","新宿区","100104",,"新宿区",,,
"13105","東京都","文京区","100105",,"文京区",,,
"13106","東京都","台東区","100106",,"台東区",,,
"13107","東京都","墨田区","100107",,"墨田区",,,
"13108","東京都","江東区","100108",,"江東区",,,
"13109","東京都","品川区","100109",,"品川区",,,
"13110","東京都","目黒区","100110",,"目黒区",,,
"13111","東京都","大田区","100111",,"大田区",,,
"13112","東京都","世田谷区","100112",,"世田谷区",,,
"13113","東京都","渋谷区","100113",,"渋谷区",,,
"13114","東京都","中野区","100114",,"中野区",,,
"13115","東京都","杉並区","100115",,"杉並区",,,
"13116","東京都","豊島区","100116",,"豊島区",,,
"13117","東京都","北区","100117",,"北区",,,
"13118","東京都","荒川区","100118",,"荒川区",,,
"13119","東京都","板橋区","100119",,"板橋区",,,
"13120","東京都","練馬区","100120",,"練馬区",,,
"13121","東京都","足立区","100121",,"足立区",,,
"13122","東京都","葛飾区","100122",,"葛飾区",,,
"13123","東京都","江戸川区","100123",,"江戸川区",,,
"13201","東京都","八王子市","1002",,"八王子市",,,
"13202","東京都","立川市","1003",,"立川市",,,
"13203","東京都","武蔵野市","1004",,"武蔵野市",,,
"13204","東京都","三鷹市","1005",,"三鷹市",,,
"13205","東京都","青梅市","1006",,"青梅市",,,
"13206","東京都","府中市","1007",,"府中市",,,
"13207","東京都","昭島市","1008",,"昭島市",,,
"13208","東京都","調布市","1009",,"調布市",,,
"13209","東京都","町田市","1010",,"町田市",,,
"13210","東京都","小金井市","1011",,"小金井市",,,
"13211","東京都","小平市","1012",,"小平市",,,
"13212","東京都","日野市","1013",,"日野市",,,
"13213","東京都","東村山市","1014",,"東村山市",,,
"13214","東京都","国分寺市","1015",,"国分寺市",,,
"13215","東京都","国立市","1016",,"国立市",,,
"13218","東京都","福生市","1019",,"福生市",,,
"13219","東京都","狛江市","1020",,"狛江市",,,
"13220","東京都","東大和市","1021",,"東大和市",,,
"13221","東京都","清瀬市","1022",,"清瀬市",,,
"13222","東京都","東久留米市","1023",,"東久留米市",,,
"13223","東京都","武蔵村山市","1024",,"武蔵村山市",,,
"13224","東京都","多摩市","1025",,"多摩市",,,
"13225","東京都","稲城市","1026",,"稲城市",,,
"13227","東京都","羽村市","1028",,"羽村市",,,
"13228","東京都","あきる野市","1029",,"あきる野市",,,
"13229","東京都","西東京市","1030",,"西東京市",,,
"13303","東京都","瑞穂町",,,,"10002","西多摩郡","E"
"13305","東京都","日の出町",,,,"10002","西多摩郡","C"
"13307","東京都","檜原村",,,,"10002","西多摩郡","D"
"13308","東京都","奥多摩町",,,,"10002","西多摩郡","F"
"13361","東京都","大島町",,,,"10004","大島支庁","A"
"13362","東京都","利島村",,,,"10004","大島支庁","B"
"13363","東京都","新島村",,,,"10004","大島支庁","C"
"13364","東京都","神津島村",,,,"10004","大島支庁","D"
"13381","東京都","三宅村",,,,"10005","三宅支庁","A"
"13382","東京都","御蔵島村",,,,"10005","三宅支庁","B"
"13401","東京都","八丈町",,,,"10006","八丈支庁","A"
"13402","東京都","青ヶ島村",,,,"10006","八丈支庁","B"
"13421","東京都","小笠原村",,,,"10007","小笠原支庁","A"
"14100","神奈川県","横浜市","1101",,"横浜市",,,
"14101","神奈川県","横浜市 鶴見区","1101","110101","横浜市",,,
"14102","神奈川県","横浜市 神奈川区","1101","110102","横浜市",,,
"14103","神奈川県","横浜市 西区","1101","110103","横浜市",,,
"14104","神奈川県","横浜市 中区","1101","110104","横浜市",,,
"14105","神奈川県","横浜市 南区","1101","110105","横浜市",,,
"14106","神奈川県","横浜市 保土ケ谷区","1101","110106","横浜市",,,
"14107","神奈川県","横浜市 磯子区","1101","110107","横浜市",,,
"14108","神奈川県","横浜市 金沢区","1101","110108","横浜市",,,
"14109","神奈川県","横浜市 港北区","1101","110109","横浜市",,,
"14110","神奈川県","横浜市 戸塚区","1101","110110","横浜市",,,
"14111","神奈川県","横浜市 港南区","1101","110111","横浜市",,,
"14112","神奈川県","横浜市 旭区","1101","110112","横浜市",,,
"14113","神奈川県","横浜市 緑区","1101","110113","横浜市",,,
"14114","神奈川県","横浜市 瀬谷区","1101","110114","横浜市",,,
"14115","神奈川県","横浜市 栄区","1101","110115","横浜市",,,
"14116","神奈川県","横浜市 泉区","1101","110116","横浜市",,,
"14117","神奈川県","横浜市 青葉区","1101","110117","横浜市",,,
"14118","神奈川県","横浜市 都筑区","1101","110118","横浜市",,,
"14130","神奈川県","川崎市","1103",,"川崎市",,,
"14131","神奈川県","川崎市 川崎区","1103","110301","川崎市",,,
"14132","神奈川県","川崎市 幸区","1103","110302","川崎市",,,
"14133","神奈川県","川崎市 中原区","1103","110303","川崎市",,,
"14134","神奈川県","川崎市 高津区","1103","110304","川崎市",,,
"14135","神奈川県","川崎市 多摩区","1103","110305","川崎市",,,
"14136","神奈川県","川崎市 宮前区","1103","110306","川崎市",,,
"14137","神奈川県","川崎市 麻生区","1103","110307","川崎市",,,
"14150","神奈川県","相模原市","1110",,"相模原市",,,
"14151","神奈川県","相模原市 緑区","1110","111001","相模原市",,,
"14152","神奈川県","相模原市 中央区","1110","111002","相模原市",,,
"14153","神奈川県","相模原市 南区","1110","111003","相模原市",,,
"14201","神奈川県","横須賀市","1102",,"横須賀市",,,
"14203","神奈川県","平塚市","1104",,"平塚市",,,
"14204","神奈川県","鎌倉市","1105",,"鎌倉市",,,
"14205","神奈川県","藤沢市","1106",,"藤沢市",,,
"14206","神奈川県","小田原市","1107",,"小田原市",,,
"14207","神奈川県","茅ヶ崎市","1108",,"茅ヶ崎市",,,
"14208","神奈川県","逗子市","1109",,"逗子市",,,
"14210","神奈川県","三浦市","1111",,"三浦市",,,
"14211","神奈川県","秦野市","1112",,"秦野市",,,
"14212","神奈川県","厚木市","1113",,"厚木市",,,
"14213","神奈川県","大和市","1114",,"大和市",,,
"14214","神奈川県","伊勢原市","1115",,"伊勢原市",,,
"14215","神奈川県","海老名市","1116",,"海老名市",,,
"14216","神奈川県","座間市","1117",,"座間市",,,
"14217","神奈川県","南足柄市","1118",,"南足柄市",,,
"14218","神奈川県","綾瀬市","1119",,"綾瀬市",,,
"14301","神奈川県","葉山町",,,,"11007","三浦郡","A"
"14321","神奈川県","寒川町",,,,"11004","高座郡","A"
"14341","神奈川県","大磯町",,,,"11006","中郡","B"
"14342","神奈川県","二宮町",,,,"11006","中郡","A"
"14361","神奈川県","中井町",,,,"11002","足柄上郡","C"
"14362","神奈川県","大井町",,,,"11002","足柄上郡","A"
"14363","神奈川県","松田町",,,,"11002","足柄上郡","D"
"14364","神奈川県","山北町",,,,"11002","足柄上郡","E"
"14366","神奈川県","開成町",,,,"11002","足柄上郡","B"
"14382","神奈川県","箱根町",,,,"11003","足柄下郡","C"
"14383","神奈川県","真鶴町",,,,"11003","足柄下郡","A"
"14384","神奈川県","湯河原町",,,,"11003","足柄下郡","B"
"14401","神奈川県","愛川町",,,,"11001","愛甲郡","A"
"14402","神奈川県","清川村",,,,"11001","愛甲郡","B"
"15100","新潟県","新潟市","0801",,"新潟市",,,
"15101","新潟県","新潟市 北区","0801","080101","新潟市",,,
"15102","新潟県","新潟市 東区","0801","080102","新潟市",,,
"15103","新潟県","新潟市 中央区","0801","080103","新潟市",,,
"15104","新潟県","新潟市 江南区","0801","080104","新潟市",,,
"15105","新潟県","新潟市 秋葉区","0801","080105","新潟市",,,
"15106","新潟県","新潟市 南区","0801","080106","新潟市",,,
"15107","新潟県","新潟市 西区","0801","080107","新潟市",,,
"15108","新潟県","新潟市 西蒲区","0801","080108","新潟市",,,
"15202","新潟県","長岡市","0802",,"長岡市",,,
"15204","新潟県","三条市","0804",,"三条市",,,
"15205","新潟県","柏崎市","0805",,"柏崎市",,,
"15206","新潟県","新発田市","0806",,"新発田市",,,
"15208","新潟県","小千谷市","0808",,"小千谷市",,,
"15209","新潟県","加茂市","0809",,"加茂市",,,
"15210","新潟県","十日町市","0810",,"十日町市",,,
"15211","新潟県","見附市","0811",,"見附市",,,
"15212","新潟県","村上市","0812",,"村上市",,,
"15213","新潟県","燕市","0813",,"燕市",,,
"15216","新潟県","糸魚川市","0816",,"糸魚川市",,,
"15217","新潟県","妙高市","0827",,"妙高市",,,
"15218","新潟県","五泉市","0818",,"五泉市",,,
"15222","新潟県","上越市","0822",,"上越市",,,
"15223","新潟県","阿賀野市","0823",,"阿賀野市",,,
"15224","新潟県","佐渡市","0824",,"佐渡市",,,
"15225","新潟県","魚沼市","0825",,"魚沼市",,,
"15226","新潟県","南魚沼市","0826",,"南魚沼市",,,
"15227","新潟県","胎内市","0828",,"胎内市",,,
"15307","新潟県","聖籠町",,,,"08004","北蒲原郡","H"
"15342","新潟県","弥彦村",,,,"08011","西蒲原郡","I"
"15361","新潟県","田上町",,,,"08016","南蒲原郡","B"
"15385","新潟県","阿賀町",,,,"08013","東蒲原郡","E"
"15405","新潟県","出雲崎町",,,,"08007","三島郡","C"
"15461","新潟県","湯沢町",,,,"08015","南魚沼郡","D"
"15482","新潟県","津南町",,,,"08008","中魚沼郡","B"
"15504","新潟県","刈羽村",,,,"08002","刈羽郡","C"
"15581","新潟県","関川村",,,,"08001","岩船郡","C"
"15586","新潟県","粟島浦村",,,,"08001","岩船郡","B"
"16201","富山県","富山市","2801",,"富山市",,,
"16202","富山県","高岡市","2802",,"高岡市",,,
"16204","富山県","魚津市","2804",,"魚津市",,,
"16205","富山県","氷見市","2805",,"氷見市",,,
"16206","富山県","滑川市","2806",,"滑川市",,,
"16207","富山県","黒部市","2807",,"黒部市",,,
"16208","富山県","砺波市","2808",,"砺波市",,,
"16209","富山県","小矢部市","2809",,"小矢部市",,,
"16210","富山県","南砺市","2810",,"南砺市",,,
"16211","富山県","射水市","2811",,"射水市",,,
"16321","富山県","舟橋村",,,,"28004","中新川郡","A"
"16322","富山県","上市町",,,,"28004","中新川郡","B"
"16323","富山県","立山町",,,,"28004","中新川郡","C"
"16342","富山県","入善町",,,,"28003","下新川郡","C"
"16343","富山県","朝日町",,,,"28003","下新川郡","A"
"17201","石川県","金沢市","3001",,"金沢市",,,
"17202","石川県","七尾市","3002",,"七尾市",,,
"17203","石川県","小松市","3003",,"小松市",,,
"17204","石川県","輪島市","3004",,"輪島市",,,
"17205","石川県","珠洲市","3005",,"珠洲市",,,
"17206","石川県","加賀市","3006",,"加賀市",,,
"17207","石川県","羽咋市","3007",,"羽咋市",,,
"17209","石川県","かほく市","3009",,"かほく市",,,
"17210","石川県","白山市","3010",,"白山市",,,
"17211","石川県","能美市","3011",,"能美市",,,
"17212","石川県","野々市市","3012",,"野々市市",,,
"17324","石川県","川北町",,,,"30006","能美郡","B"
"17361","石川県","津幡町",,,,"30004","河北郡","E"
"17365","石川県","内灘町",,,,"30004","河北郡","A"
"17384","石川県","志賀町",,,,"30007","羽咋郡","C"
"17386","石川県","宝達志水町",,,,"30007","羽咋郡","E"
"17407","石川県","中能登町",,,,"30003","鹿島郡","G"
"17461","石川県","穴水町",,,,"30009","鳳珠郡","A"
"17463","石川県","能登町",,,,"30009","鳳珠郡","C"
"18201","福井県","福井市","2901",,"福井市",,,
"18202","福井県","敦賀市","2902",,"敦賀市",,,
"18204","福井県","小浜市","2904",,"小浜市",,,
"18205","福井県","大野市","2905",,"大野市",,,
"18206","福井県","勝山市","2906",,"勝山市",,,
"18207","福井県","鯖江市","2907",,"鯖江市",,,
"18208","福井県","あわら市","2908",,"あわら市",,,
"18209","福井県","越前市","2909",,"越前市",,,
"18210","福井県","坂井市","2910",,"坂井市",,,
"18322","福井県","永平寺町",,,,"29011","吉田郡","A"
"18382","福井県","池田町",,,,"29002","今立郡","B"
"18404","福井県","南越前町",,,,"29008","南条郡","D"
"18423","福井県","越前町",,,,"29009","丹生郡","F"
"18442","福井県","美浜町",,,,"29010","三方郡","B"
"18481","福井県","高浜町",,,,"29003","大飯郡","B"
"18483","福井県","おおい町",,,,"29003","大飯郡","C"
"18501","福井県","若狭町",,,,"29012","三方上中郡","A"
"19201","山梨県","甲府市","1701",,"甲府市",,,
"19202","山梨県","富士吉田市","1702",,"富士吉田市",,,
"19204","山梨県","都留市","1704",,"都留市",,,
"19205","山梨県","山梨市","1705",,"山梨市",,,
"19206","山梨県","大月市","1706",,"大月市",,,
"19207","山梨県","韮崎市","1707",,"韮崎市",,,
"19208","山梨県","南アルプス市","1708",,"南アルプス市",,,
"19209","山梨県","北杜市","1709",,"北杜市",,,
"19210","山梨県","甲斐市","1710",,"甲斐市",,,
"19211","山梨県","笛吹市","1711",,"笛吹市",,,
"19212","山梨県","上野原市","1712",,"上野原市",,,
"19213","山梨県","甲州市","1713",,"甲州市",,,
"19214","山梨県","中央市","1714",,"中央市",,,
"19346","山梨県","市川三郷町",,,,"17004","西八代郡","F"
"19364","山梨県","早川町",,,,"17007","南巨摩郡","F"
"19365","山梨県","身延町",,,,"17007","南巨摩郡","G"
"19366","山梨県","南部町",,,,"17007","南巨摩郡","E"
"19368","山梨県","富士川町",,,,"17007","南巨摩郡","H"
"19384","山梨県","昭和町",,,,"17003","中巨摩郡","D"
"19422","山梨県","道志村",,,,"17008","南都留郡","F"
"19423","山梨県","西桂町",,,,"17008","南都留郡","H"
"19424","山梨県","忍野村",,,,"17008","南都留郡","C"
"19425","山梨県","山中湖村",,,,"17008","南都留郡","I"
"19429","山梨県","鳴沢村",,,,"17008","南都留郡","G"
"19430","山梨県","富士河口湖町",,,,"17008","南都留郡","J"
"19442","山梨県","小菅村",,,,"17002","北都留郡","A"
"19443","山梨県","丹波山村",,,,"17002","北都留郡","B"
"20201","長野県","長野市","0901",,"長野市",,,
"20202","長野県","松本市","0902",,"松本市",,,
"20203","長野県","上田市","0903",,"上田市",,,
"20204","長野県","岡谷市","0904",,"岡谷市",,,
"20205","長野県","飯田市","0905",,"飯田市",,,
"20206","長野県","諏訪市","0906",,"諏訪市",,,
"20207","長野県","須坂市","0907",,"須坂市",,,
"20208","長野県","小諸市","0908",,"小諸市",,,
"20209","長野県","伊那市","0909",,"伊那市",,,
"20210","長野県","駒ヶ根市","0910",,"駒ヶ根市",,,
"20211","長野県","中野市","0911",,"中野市",,,
"20212","長野県","大町市","0912",,"大町市",,,
"20213","長野県","飯山市","0913",,"飯山市",,,
"20214","長野県","茅野市","0914",,"茅野市",,,
"20215","長野県","塩尻市","0915",,"塩尻市",,,
"20217","長野県","佐久市","0918",,"佐久市",,,
"20218","長野県","千曲市","0919",,"千曲市",,,
"20219","長野県","東御市","0920",,"東御市",,,
"20220","長野県","安曇野市","0921",,"安曇野市",,,
"20303","長野県","小海町",,,,"09017","南佐久郡","C"
"20304","長野県","川上村",,,,"09017","南佐久郡","A"
"20305","長野県","南牧村",,,,"09017","南佐久郡","E"
"20306","長野県","南相木村",,,,"09017","南佐久郡","D"
"20307","長野県","北相木村",,,,"09017","南佐久郡","B"
"20309","長野県","佐久穂町",,,,"09017","南佐久郡","I"
"20321","長野県","軽井沢町",,,,"09006","北佐久郡","B"
"20323","長野県","御代田町",,,,"09006","北佐久郡","F"
"20324","長野県","立科町",,,,"09006","北佐久郡","E"
"20349","長野県","青木村",,,,"09012","小県郡","A"
"20350","長野県","長和町",,,,"09012","小県郡","H"
"20361","長野県","下諏訪町",,,,"09011","諏訪郡","A"
"20362","長野県","富士見町",,,,"09011","諏訪郡","C"
"20363","長野県","原村",,,,"09011","諏訪郡","B"
"20382","長野県","辰野町",,,,"09001","上伊那郡","F"
"20383","長野県","箕輪町",,,,"09001","上伊那郡","B"
"20384","長野県","飯島町",,,,"09001","上伊那郡","D"
"20385","長野県","南箕輪村",,,,"09001","上伊那郡","A"
"20386","長野県","中川村",,,,"09001","上伊那郡","G"
"20388","長野県","宮田村",,,,"09001","上伊那郡","C"
"20402","長野県","松川町",,,,"09008","下伊那郡","R"
"20403","長野県","高森町",,,,"09008","下伊那郡","O"
"20404","長野県","阿南町",,,,"09008","下伊那郡","N"
"20407","長野県","阿智村",,,,"09008","下伊那郡","A"
"20409","長野県","平谷村",,,,"09008","下伊那郡","L"
"20410","長野県","根羽村",,,,"09008","下伊那郡","K"
"20411","長野県","下條村",,,,"09008","下伊那郡","G"
"20412","長野県","売木村",,,,"09008","下伊那郡","B"
"20413","長野県","天龍村",,,,"09008","下伊那郡","P"
"20414","長野県","泰阜村",,,,"09008","下伊那郡","M"
"20415","長野県","喬木村",,,,"09008","下伊那郡","I"
"20416","長野県","豊丘村",,,,"09008","下伊那郡","Q"
"20417","長野県","大鹿村",,,,"09008","下伊那郡","C"
"20422","長野県","上松町",,,,"09004","木曽郡","A"
"20423","長野県","南木曽町",,,,"09004","木曽郡","J"
"20425","長野県","木祖村",,,,"09004","木曽郡","E"
"20429","長野県","王滝村",,,,"09004","木曽郡","B"
"20430","長野県","大桑村",,,,"09004","木曽郡","C"
"20432","長野県","木曽町",,,,"09004","木曽郡","L"
"20446","長野県","麻績村",,,,"09015","東筑摩郡","C"
"20448","長野県","生坂村",,,,"09015","東筑摩郡","I"
"20450","長野県","山形村",,,,"09015","東筑摩郡","H"
"20451","長野県","朝日村",,,,"09015","東筑摩郡","B"
"20452","長野県","筑北村",,,,"09015","東筑摩郡","K"
"20481","長野県","池田町",,,,"09005","北安曇郡","A"
"20482","長野県","松川村",,,,"09005","北安曇郡","B"
"20485","長野県","白馬村",,,,"09005","北安曇郡","F"
"20486","長野県","小谷村",,,,"09005","北安曇郡","E"
"20521","長野県","坂城町",,,,"09014","埴科郡","B"
"20541","長野県","小布施町",,,,"09002","上高井郡","A"
"20543","長野県","高山村",,,,"09002","上高井郡","B"
"20561","長野県","山ノ内町",,,,"09009","下高井郡","C"
"20562","長野県","木島平村",,,,"09009","下高井郡","A"
"20563","長野県","野沢温泉村",,,,"09009","下高井郡","B"
"20583","長野県","信濃町",,,,"09003","上水内郡","D"
"20588","長野県","小川村",,,,"09003","上水内郡","A"
"20590","長野県","飯綱町",,,,"09003","上水内郡","J"
"20602","長野県","栄村",,,,"09010","下水内郡","B"
"21201","岐阜県","岐阜市","1901",,"岐阜市",,,
"21202","岐阜県","大垣市","1902",,"大垣市",,,
"21203","岐阜県","高山市","1903",,"高山市",,,
"21204","岐阜県","多治見市","1904",,"多治見市",,,
"21205","岐阜県","関市","1905",,"関市",,,
"21206","岐阜県","中津川市","1906",,"中津川市",,,
"21207","岐阜県","美濃市","1907",,"美濃市",,,
"21208","岐阜県","瑞浪市","1908",,"瑞浪市",,,
"21209","岐阜県","羽島市","1909",,"羽島市",,,
"21210","岐阜県","恵那市","1910",,"恵那市",,,
"21211","岐阜県","美濃加茂市","1911",,"美濃加茂市",,,
"21212","岐阜県","土岐市","1912",,"土岐市",,,
"21213","岐阜県","各務原市","1913",,"各務原市",,,
"21214","岐阜県","可児市","1914",,"可児市",,,
"21215","岐阜県","山県市","1915",,"山県市",,,
"21216","岐阜県","瑞穂市","1916",,"瑞穂市",,,
"21217","岐阜県","飛騨市","1917",,"飛騨市",,,
"21218","岐阜県","本巣市","1918",,"本巣市",,,
"21219","岐阜県","郡上市","1919",,"郡上市",,,
"21220","岐阜県","下呂市","1920",,"下呂市",,,
"21221","岐阜県","海津市","1921",,"海津市",,,
"21302","岐阜県","岐南町",,,,"19011","羽島郡","C"
"21303","岐阜県","笠松町",,,,"19011","羽島郡","A"
"21341","岐阜県","養老町",,,,"19017","養老郡","B"
"21361","岐阜県","垂井町",,,,"19012","不破郡","B"
"21362","岐阜県","関ケ原町",,,,"19012","不破郡","A"
"21381","岐阜県","神戸町",,,,"19001","安八郡","C"
"21382","岐阜県","輪之内町",,,,"19001","安八郡","D"
"21383","岐阜県","安八町",,,,"19001","安八郡","A"
"21401","岐阜県","揖斐川町",,,,"19003","揖斐郡","B"
"21403","岐阜県","大野町",,,,"19003","揖斐郡","C"
"21404","岐阜県","池田町",,,,"19003","揖斐郡","A"
"21421","岐阜県","北方町",,,,"19015","本巣郡","A"
"21501","岐阜県","坂祝町",,,,"19008","加茂郡","B"
"21502","岐阜県","富加町",,,,"19008","加茂郡","C"
"21503","岐阜県","川辺町",,,,"19008","加茂郡","A"
"21504","岐阜県","七宗町",,,,"19008","加茂郡","F"
"21505","岐阜県","八百津町",,,,"19008","加茂郡","G"
"21506","岐阜県","白川町",,,,"19008","加茂郡","E"
"21507","岐阜県","東白川村",,,,"19008","加茂郡","D"
"21521","岐阜県","御嵩町",,,,"19007","可児郡","C"
"21604","岐阜県","白川村",,,,"19005","大野郡","G"
"22100","静岡県","静岡市","1801",,"静岡市",,,
"22101","静岡県","静岡市 葵区","1801","180101","静岡市",,,
"22102","静岡県","静岡市 駿河区","1801","180102","静岡市",,,
"22103","静岡県","静岡市 清水区","1801","180103","静岡市",,,
"22130","静岡県","浜松市","1802",,"浜松市",,,
"22131","静岡県","浜松市 中区","1802","180201","浜松市",,,
"22132","静岡県","浜松市 東区","1802","180202","浜松市",,,
"22133","静岡県","浜松市 西区","1802","180203","浜松市",,,
"22134","静岡県","浜松市 南区","1802","180204","浜松市",,,
"22135","静岡県","浜松市 北区","1802","180205","浜松市",,,
"22136","静岡県","浜松市 浜北区","1802","180206","浜松市",,,
"22137","静岡県","浜松市 天竜区","1802","180207","浜松市",,,
"22203","静岡県","沼津市","1803",,"沼津市",,,
"22205","静岡県","熱海市","1805",,"熱海市",,,
"22206","静岡県","三島市","1806",,"三島市",,,
"22207","静岡県","富士宮市","1807",,"富士宮市",,,
"22208","静岡県","伊東市","1808",,"伊東市",,,
"22209","静岡県","島田市","1809",,"島田市",,,
"22210","静岡県","富士市","1813",,"富士市",,,
"22211","静岡県","磐田市","1811",,"磐田市",,,
"22212","静岡県","焼津市","1812",,"焼津市",,,
"22213","静岡県","掛川市","1814",,"掛川市",,,
"22214","静岡県","藤枝市","1815",,"藤枝市",,,
"22215","静岡県","御殿場市","1816",,"御殿場市",,,
"22216","静岡県","袋井市","1817",,"袋井市",,,
"22219","静岡県","下田市","1820",,"下田市",,,
"22220","静岡県","裾野市","1821",,"裾野市",,,
"22221","静岡県","湖西市","1822",,"湖西市",,,
"22222","静岡県","伊豆市","1823",,"伊豆市",,,
"22223","静岡県","御前崎市","1824",,"御前崎市",,,
"22224","静岡県","菊川市","1825",,"菊川市",,,
"22225","静岡県","伊豆の国市","1826",,"伊豆の国市",,,
"22226","静岡県","牧之原市","1827",,"牧之原市",,,
"22301","静岡県","東伊豆町",,,,"18006","賀茂郡","E"
"22302","静岡県","河津町",,,,"18006","賀茂郡","D"
"22304","静岡県","南伊豆町",,,,"18006","賀茂郡","F"
"22305","静岡県","松崎町",,,,"18006","賀茂郡","C"
"22306","静岡県","西伊豆町",,,,"18006","賀茂郡","B"
"22325","静岡県","函南町",,,,"18010","田方郡","I"
"22341","静岡県","清水町",,,,"18009","駿東郡","A"
"22342","静岡県","長泉町",,,,"18009","駿東郡","B"
"22344","静岡県","小山町",,,,"18009","駿東郡","C"
"22424","静岡県","吉田町",,,,"18011","榛原郡","F"
"22429","静岡県","川根本町",,,,"18011","榛原郡","I"
"22461","静岡県","森町",,,,"18008","周智郡","B"
"23100","愛知県","名古屋市","2001",,"名古屋市",,,
"23101","愛知県","名古屋市 千種区","2001","200101","名古屋市",,,
"23102","愛知県","名古屋市 東区","2001","200102","名古屋市",,,
"23103","愛知県","名古屋市 北区","2001","200103","名古屋市",,,
"23104","愛知県","名古屋市 西区","2001","200104","名古屋市",,,
"23105","愛知県","名古屋市 中村区","2001","200105","名古屋市",,,
"23106","愛知県","名古屋市 中区","2001","200106","名古屋市",,,
"23107","愛知県","名古屋市 昭和区","2001","200107","名古屋市",,,
"23108","愛知県","名古屋市 瑞穂区","2001","200108","名古屋市",,,
"23109","愛知県","名古屋市 熱田区","2001","200109","名古屋市",,,
"23110","愛知県","名古屋市 中川区","2001","200110","名古屋市",,,
"23111","愛知県","名古屋市 港区","2001","200111","名古屋市",,,
"23112","愛知県","名古屋市 南区","2001","200112","名古屋市",,,
"23113","愛知県","名古屋市 守山区","2001","200113","名古屋市",,,
"23114","愛知県","名古屋市 緑区","2001","200114","名古屋市",,,
"23115","愛知県","名古屋市 名東区","2001","200115","名古屋市",,,
"23116","愛知県","名古屋市 天白区","2001","200116","名古屋市",,,
"23201","愛知県","豊橋市","2002",,"豊橋市",,,
"23202","愛知県","岡崎市","2003",,"岡崎市",,,
"23203","愛知県","一宮市","2004",,"一宮市",,,
"23204","愛知県","瀬戸市","2005",,"瀬戸市",,,
"23205","愛知県","半田市","2006",,"半田市",,,
"23206","愛知県","春日井市","2007",,"春日井市",,,
"23207","愛知県","豊川市","2008",,"豊川市",,,
"23208","愛知県","津島市","2009",,"津島市",,,
"23209","愛知県","碧南市","2010",,"碧南市",,,
"23210","愛知県","刈谷市","2011",,"刈谷市",,,
"23211","愛知県","豊田市","2012",,"豊田市",,,
"23212","愛知県","安城市","2013",,"安城市",,,
"23213","愛知県","西尾市","2014",,"西尾市",,,
"23214","愛知県","蒲郡市","2015",,"蒲郡市",,,
"23215","愛知県","犬山市","2016",,"犬山市",,,
"23216","愛知県","常滑市","2017",,"常滑市",,,
"23217","愛知県","江南市","2019",,"江南市",,,
"23219","愛知県","小牧市","2021",,"小牧市",,,
"23220","愛知県","稲沢市","2022",,"稲沢市",,,
"23221","愛知県","新城市","2023",,"新城市",,,
"23222","愛知県","東海市","2024",,"東海市",,,
"23223","愛知県","大府市","2025",,"大府市",,,
"23224","愛知県","知多市","2026",,"知多市",,,
"23225","愛知県","知立市","2028",,"知立市",,,
"23226","愛知県","尾張旭市","2029",,"尾張旭市",,,
"23227","愛知県","高浜市","2027",,"高浜市",,,
"23228","愛知県","岩倉市","2030",,"岩倉市",,,
"23229","愛知県","豊明市","2031",,"豊明市",,,
"23230","愛知県","日進市","2032",,"日進市",,,
"23231","愛知県","田原市","2033",,"田原市",,,
"23232","愛知県","愛西市","2034",,"愛西市",,,
"23233","愛知県","清須市","2035",,"清須市",,,
"23234","愛知県","北名古屋市","2036",,"北名古屋市",,,
"23235","愛知県","弥富市","2037",,"弥富市",,,
"23236","愛知県","みよし市","2038",,"みよし市",,,
"23237","愛知県","あま市","2039",,"あま市",,,
"23238","愛知県","長久手市","2040",,"長久手市",,,
"23302","愛知県","東郷町",,,,"20001","愛知郡","A"
"23342","愛知県","豊山町",,,,"20007","西春日井郡","D"
"23361","愛知県","大口町",,,,"20009","丹羽郡","A"
"23362","愛知県","扶桑町",,,,"20009","丹羽郡","B"
"23424","愛知県","大治町",,,,"20003","海部郡","A"
"23425","愛知県","蟹江町",,,,"20003","海部郡","B"
"23427","愛知県","飛島村",,,,"20003","海部郡","I"
"23441","愛知県","阿久比町",,,,"20005","知多郡","A"
"23442","愛知県","東浦町",,,,"20005","知多郡","C"
"23445","愛知県","南知多町",,,,"20005","知多郡","D"
"23446","愛知県","美浜町",,,,"20005","知多郡","E"
"23447","愛知県","武豊町",,,,"20005","知多郡","B"
"23501","愛知県","幸田町",,,,"20010","額田郡","A"
"23561","愛知県","設楽町",,,,"20004","北設楽郡","E"
"23562","愛知県","東栄町",,,,"20004","北設楽郡","F"
"23563","愛知県","豊根村",,,,"20004","北設楽郡","D"
"24201","三重県","津市","2101",,"津市",,,
"24202","三重県","四日市市","2102",,"四日市市",,,
"24203","三重県","伊勢市","2103",,"伊勢市",,,
"24204","三重県","松阪市","2104",,"松阪市",,,
"24205","三重県","桑名市","2105",,"桑名市",,,
"24207","三重県","鈴鹿市","2107",,"鈴鹿市",,,
"24208","三重県","名張市","2108",,"名張市",,,
"24209","三重県","尾鷲市","2109",,"尾鷲市",,,
"24210","三重県","亀山市","2110",,"亀山市",,,
"24211","三重県","鳥羽市","2111",,"鳥羽市",,,
"24212","三重県","熊野市","2112",,"熊野市",,,
"24214","三重県","いなべ市","2115",,"いなべ市",,,
"24215","三重県","志摩市","2116",,"志摩市",,,
"24216","三重県","伊賀市","2117",,"伊賀市",,,
"24303","三重県","木曽岬町",,,,"21009","桑名郡","A"
"24324","三重県","東員町",,,,"21006","員弁郡","B"
"24341","三重県","菰野町",,,,"21014","三重郡","D"
"24343","三重県","朝日町",,,,"21014","三重郡","A"
"24344","三重県","川越町",,,,"21014","三重郡","B"
"24441","三重県","多気町",,,,"21012","多気郡","B"
"24442","三重県","明和町",,,,"21012","多気郡","E"
"24443","三重県","大台町",,,,"21012","多気郡","C"
"24461","三重県","玉城町",,,,"21016","度会郡","C"
"24470","三重県","度会町",,,,"21016","度会郡","J"
"24471","三重県","大紀町",,,,"21016","度会郡","K"
"24472","三重県","南伊勢町",,,,"21016","度会郡","L"
"24543","三重県","紀北町",,,,"21008","北牟婁郡","C"
"24561","三重県","御浜町",,,,"21015","南牟婁郡","D"
"24562","三重県","紀宝町",,,,"21015","南牟婁郡","B"
"25201","滋賀県","大津市","2301",,"大津市",,,
"25202","滋賀県","彦根市","2302",,"彦根市",,,
"25203","滋賀県","長浜市","2303",,"長浜市",,,
"25204","滋賀県","近江八幡市","2304",,"近江八幡市",,,
"25206","滋賀県","草津市","2306",,"草津市",,,
"25207","滋賀県","守山市","2307",,"守山市",,,
"25208","滋賀県","栗東市","2308",,"栗東市",,,
"25209","滋賀県","甲賀市","2309",,"甲賀市",,,
"25210","滋賀県","野洲市","2310",,"野洲市",,,
"25211","滋賀県","湖南市","2311",,"湖南市",,,
"25212","滋賀県","高島市","2312",,"高島市",,,
"25213","滋賀県","東近江市","2313",,"東近江市",,,
"25214","滋賀県","米原市","2314",,"米原市",,,
"25383","滋賀県","日野町",,,,"23004","蒲生郡","C"
"25384","滋賀県","竜王町",,,,"23004","蒲生郡","D"
"25425","滋賀県","愛荘町",,,,"23003","愛知郡","E"
"25441","滋賀県","豊郷町",,,,"23002","犬上郡","B"
"25442","滋賀県","甲良町",,,,"23002","犬上郡","A"
"25443","滋賀県","多賀町",,,,"23002","犬上郡","C"
"26100","京都府","京都市","2201",,"京都市",,,
"26101","京都府","京都市 北区","2201","220101","京都市",,,
"26102","京都府","京都市 上京区","2201","220102","京都市",,,
"26103","京都府","京都市 左京区","2201","220103","京都市",,,
"26104","京都府","京都市 中京区","2201","220104","京都市",,,
"26105","京都府","京都市 東山区","2201","220105","京都市",,,
"26106","京都府","京都市 下京区","2201","220106","京都市",,,
"26107","京都府","京都市 南区","2201","220107","京都市",,,
"26108","京都府","京都市 右京区","2201","220108","京都市",,,
"26109","京都府","京都市 伏見区","2201","220109","京都市",,,
"26110","京都府","京都市 山科区","2201","220110","京都市",,,
"26111","京都府","京都市 西京区","2201","220111","京都市",,,
"26201","京都府","福知山市","2202",,"福知山市",,,
"26202","京都府","舞鶴市","2203",,"舞鶴市",,,
"26203","京都府","綾部市","2204",,"綾部市",,,
"26204","京都府","宇治市","2205",,"宇治市",,,
"26205","京都府","宮津市","2206",,"宮津市",,,
"26206","京都府","亀岡市","2207",,"亀岡市",,,
"26207","京都府","城陽市","2208",,"城陽市",,,
"26208","京都府","向日市","2210",,"向日市",,,
"26209","京都府","長岡京市","2209",,"長岡京市",,,
"26210","京都府","八幡市","2211",,"八幡市",,,
"26211","京都府","京田辺市","2212",,"京田辺市",,,
"26212","京都府","京丹後市","2213",,"京丹後市",,,
"26213","京都府","南丹市","2214",,"南丹市",,,
"26214","京都府","木津川市","2215",,"木津川市",,,
"26303","京都府","大山崎町",,,,"22003","乙訓郡","A"
"26322","京都府","久御山町",,,,"22006","久世郡","A"
"26343","京都府","井手町",,,,"22010","綴喜郡","A"
"26344","京都府","宇治田原町",,,,"22010","綴喜郡","B"
"26364","京都府","笠置町",,,,"22008","相楽郡","A"
"26365","京都府","和束町",,,,"22008","相楽郡","G"
"26366","京都府","精華町",,,,"22008","相楽郡","D"
"26367","京都府","南山城村",,,,"22008","相楽郡","E"
"26407","京都府","京丹波町",,,,"22012","船井郡","G"
"26463","京都府","伊根町",,,,"22014","与謝郡","D"
"26465","京都府","与謝野町",,,,"22014","与謝郡","E"
"27100","大阪府","大阪市","2501",,"大阪市",,,
"27102","大阪府","大阪市 都島区","2501","250102","大阪市",,,
"27103","大阪府","大阪市 福島区","2501","250103","大阪市",,,
"27104","大阪府","大阪市 此花区","2501","250104","大阪市",,,
"27106","大阪府","大阪市 西区","2501","250106","大阪市",,,
"27107","大阪府","大阪市 港区","2501","250107","大阪市",,,
"27108","大阪府","大阪市 大正区","2501","250108","大阪市",,,
"27109","大阪府","大阪市 天王寺区","2501","250109","大阪市",,,
"27111","大阪府","大阪市 浪速区","2501","250111","大阪市",,,
"27113","大阪府","大阪市 西淀川区","2501","250113","大阪市",,,
"27114","大阪府","大阪市 東淀川区","2501","250114","大阪市",,,
"27115","大阪府","大阪市 東成区","2501","250115","大阪市",,,
"27116","大阪府","大阪市 生野区","2501","250116","大阪市",,,
"27117","大阪府","大阪市 旭区","2501","250117","大阪市",,,
"27118","大阪府","大阪市 城東区","2501","250118","大阪市",,,
"27119","大阪府","大阪市 阿倍野区","2501","250119","大阪市",,,
"27120","大阪府","大阪市 住吉区","2501","250120","大阪市",,,
"27121","大阪府","大阪市 東住吉区","2501","250121","大阪市",,,
"27122","大阪府","大阪市 西成区","2501","250122","大阪市",,,
"27123","大阪府","大阪市 淀川区","2501","250123","大阪市",,,
"27124","大阪府","大阪市 鶴見区","2501","250124","大阪市",,,
"27125","大阪府","大阪市 住之江区","2501","250125","大阪市",,,
"27126","大阪府","大阪市 平野区","2501","250126","大阪市",,,
"27127","大阪府","大阪市 北区","2501","250101","大阪市",,,
"27128","大阪府","大阪市 中央区","2501","250127","大阪市",,,
"27140","大阪府","堺市","2502",,"堺市",,,
"27141","大阪府","堺市 堺区","2502","250201","堺市",,,
"27142","大阪府","堺市 中区","2502","250202","堺市",,,
"27143","大阪府","堺市 東区","2502","250203","堺市",,,
"27144","大阪府","堺市 西区","2502","250204","堺市",,,
"27145","大阪府","堺市 南区","2502","250205","堺市",,,
"27146","大阪府","堺市 北区","2502","250206","堺市",,,
"27147","大阪府","堺市 美原区","2502","250207","堺市",,,
"27202","大阪府","岸和田市","2503",,"岸和田市",,,
"27203","大阪府","豊中市","2504",,"豊中市",,,
"27204","大阪府","池田市","2506",,"池田市",,,
"27205","大阪府","吹田市","2507",,"吹田市",,,
"27206","大阪府","泉大津市","2508",,"泉大津市",,,
"27207","大阪府","高槻市","2509",,"高槻市",,,
"27208","大阪府","貝塚市","2510",,"貝塚市",,,
"27209","大阪府","守口市","2511",,"守口市",,,
"27210","大阪府","枚方市","2512",,"枚方市",,,
"27211","大阪府","茨木市","2513",,"茨木市",,,
"27212","大阪府","八尾市","2514",,"八尾市",,,
"27213","大阪府","泉佐野市","2515",,"泉佐野市",,,
"27214","大阪府","富田林市","2516",,"富田林市",,,
"27215","大阪府","寝屋川市","2517",,"寝屋川市",,,
"27216","大阪府","河内長野市","2518",,"河内長野市",,,
"27217","大阪府","松原市","2521",,"松原市",,,
"27218","大阪府","大東市","2522",,"大東市",,,
"27219","大阪府","和泉市","2523",,"和泉市",,,
"27220","大阪府","箕面市","2524",,"箕面市",,,
"27221","大阪府","柏原市","2525",,"柏原市",,,
"27222","大阪府","羽曳野市","2526",,"羽曳野市",,,
"27223","大阪府","門真市","2527",,"門真市",,,
"27224","大阪府","摂津市","2528",,"摂津市",,,
"27225","大阪府","高石市","2530",,"高石市",,,
"27226","大阪府","藤井寺市","2529",,"藤井寺市",,,
"27227","大阪府","東大阪市","2531",,"東大阪市",,,
"27228","大阪府","泉南市","2532",,"泉南市",,,
"27229","大阪府","四條畷市","2533",,"四條畷市",,,
"27230","大阪府","交野市","2534",,"交野市",,,
"27231","大阪府","大阪狭山市","2535",,"大阪狭山市",,,
"27232","大阪府","阪南市","2536",,"阪南市",,,
"27301","大阪府","島本町",,,,"25006","三島郡","A"
"27321","大阪府","豊能町",,,,"25004","豊能郡","A"
"27322","大阪府","能勢町",,,,"25004","豊能郡","B"
"27341","大阪府","忠岡町",,,,"25003","泉北郡","A"
"27361","大阪府","熊取町",,,,"25002","泉南郡","A"
"27362","大阪府","田尻町",,,,"25002","泉南郡","B"
"27366","大阪府","岬町",,,,"25002","泉南郡","D"
"27381","大阪府","太子町",,,,"25007","南河内郡","C"
"27382","大阪府","河南町",,,,"25007","南河内郡","A"
"27383","大阪府","千早赤阪村",,,,"25007","南河内郡","D"
"28100","兵庫県","神戸市","2701",,"神戸市",,,
"28101","兵庫県","神戸市 東灘区","2701","270101","神戸市",,,
"28102","兵庫県","神戸市 灘区","2701","270102","神戸市",,,
"28105","兵庫県","神戸市 兵庫区","2701","270103","神戸市",,,
"28106","兵庫県","神戸市 長田区","2701","270104","神戸市",,,
"28107","兵庫県","神戸市 須磨区","2701","270105","神戸市",,,
"28108","兵庫県","神戸市 垂水区","2701","270106","神戸市",,,
"28109","兵庫県","神戸市 北区","2701","270107","神戸市",,,
"28110","兵庫県","神戸市 中央区","2701","270108","神戸市",,,
"28111","兵庫県","神戸市 西区","2701","270109","神戸市",,,
"28201","兵庫県","姫路市","2702",,"姫路市",,,
"28202","兵庫県","尼崎市","2703",,"尼崎市",,,
"28203","兵庫県","明石市","2704",,"明石市",,,
"28204","兵庫県","西宮市","2705",,"西宮市",,,
"28205","兵庫県","洲本市","2706",,"洲本市",,,
"28206","兵庫県","芦屋市","2707",,"芦屋市",,,
"28207","兵庫県","伊丹市","2708",,"伊丹市",,,
"28208","兵庫県","相生市","2709",,"相生市",,,
"28209","兵庫県","豊岡市","2710",,"豊岡市",,,
"28210","兵庫県","加古川市","2711",,"加古川市",,,
"28212","兵庫県","赤穂市","2713",,"赤穂市",,,
"28213","兵庫県","西脇市","2714",,"西脇市",,,
"28214","兵庫県","宝塚市","2715",,"宝塚市",,,
"28215","兵庫県","三木市","2716",,"三木市",,,
"28216","兵庫県","高砂市","2717",,"高砂市",,,
"28217","兵庫県","川西市","2718",,"川西市",,,
"28218","兵庫県","小野市","2719",,"小野市",,,
"28219","兵庫県","三田市","2720",,"三田市",,,
"28220","兵庫県","加西市","2721",,"加西市",,,
"28221","兵庫県","丹波篠山市","2731",,"丹波篠山市",,,
"28222","兵庫県","養父市","2723",,"養父市",,,
"28223","兵庫県","丹波市","2724",,"丹波市",,,
"28224","兵庫県","南あわじ市","2725",,"南あわじ市",,,
"28225","兵庫県","朝来市","2726",,"朝来市",,,
"28226","兵庫県","淡路市","2727",,"淡路市",,,
"28227","兵庫県","宍粟市","2728",,"宍粟市",,,
"28228","兵庫県","加東市","2729",,"加東市",,,
"28229","兵庫県","たつの市","2730",,"たつの市",,,
"28301","兵庫県","猪名川町",,,,"27010","川辺郡","A"
"28365","兵庫県","多可町",,,,"27016","多可郡","E"
"28381","兵庫県","稲美町",,,,"27007","加古郡","A"
"28382","兵庫県","播磨町",,,,"27007","加古郡","B"
"28442","兵庫県","市川町",,,,"27011","神崎郡","A"
"28443","兵庫県","福崎町",,,,"27011","神崎郡","C"
"28446","兵庫県","神河町",,,,"27011","神崎郡","F"
"28464","兵庫県","太子町",,,,"27005","揖保郡","D"
"28481","兵庫県","上郡町",,,,"27001","赤穂郡","A"
"28501","兵庫県","佐用町",,,,"27013","佐用郡","C"
"28585","兵庫県","香美町",,,,"27020","美方郡","E"
"28586","兵庫県","新温泉町",,,,"27020","美方郡","F"
"29201","奈良県","奈良市","2401",,"奈良市",,,
"29202","奈良県","大和高田市","2402",,"大和高田市",,,
"29203","奈良県","大和郡山市","2403",,"大和郡山市",,,
"29204","奈良県","天理市","2404",,"天理市",,,
"29205","奈良県","橿原市","2405",,"橿原市",,,
"29206","奈良県","桜井市","2406",,"桜井市",,,
"29207","奈良県","五條市","2407",,"五條市",,,
"29208","奈良県","御所市","2408",,"御所市",,,
"29209","奈良県","生駒市","2409",,"生駒市",,,
"29210","奈良県","香芝市","2410",,"香芝市",,,
"29211","奈良県","葛城市","2411",,"葛城市",,,
"29212","奈良県","宇陀市","2412",,"宇陀市",,,
"29322","奈良県","山添村",,,,"24009","山辺郡","B"
"29342","奈良県","平群町",,,,"24001","生駒郡","D"
"29343","奈良県","三郷町",,,,"24001","生駒郡","C"
"29344","奈良県","斑鳩町",,,,"24001","生駒郡","B"
"29345","奈良県","安堵町",,,,"24001","生駒郡","A"
"29361","奈良県","川西町",,,,"24005","磯城郡","A"
"29362","奈良県","三宅町",,,,"24005","磯城郡","C"
"29363","奈良県","田原本町",,,,"24005","磯城郡","B"
"29385","奈良県","曽爾村",,,,"24002","宇陀郡","C"
"29386","奈良県","御杖村",,,,"24002","宇陀郡","D"
"29401","奈良県","高取町",,,,"24007","高市郡","B"
"29402","奈良県","明日香村",,,,"24007","高市郡","A"
"29424","奈良県","上牧町",,,,"24004","北葛城郡","C"
"29425","奈良県","王寺町",,,,"24004","北葛城郡","A"
"29426","奈良県","広陵町",,,,"24004","北葛城郡","F"
"29427","奈良県","河合町",,,,"24004","北葛城郡","D"
"29441","奈良県","吉野町",,,,"24010","吉野郡","M"
"29442","奈良県","大淀町",,,,"24010","吉野郡","E"
"29443","奈良県","下市町",,,,"24010","吉野郡","G"
"29444","奈良県","黒滝村",,,,"24010","吉野郡","B"
"29446","奈良県","天川村",,,,"24010","吉野郡","H"
"29447","奈良県","野迫川村",,,,"24010","吉野郡","K"
"29449","奈良県","十津川村",,,,"24010","吉野郡","I"
"29450","奈良県","下北山村",,,,"24010","吉野郡","C"
"29451","奈良県","上北山村",,,,"24010","吉野郡","A"
"29452","奈良県","川上村",,,,"24010","吉野郡","F"
"29453","奈良県","東吉野村",,,,"24010","吉野郡","L"
"30201","和歌山県","和歌山市","2601",,"和歌山市",,,
"30202","和歌山県","海南市","2603",,"海南市",,,
"30203","和歌山県","橋本市","2606",,"橋本市",,,
"30204","和歌山県","有田市","2607",,"有田市",,,
"30205","和歌山県","御坊市","2605",,"御坊市",,,
"30206","和歌山県","田辺市","2604",,"田辺市",,,
"30207","和歌山県","新宮市","2602",,"新宮市",,,
"30208","和歌山県","紀の川市","2608",,"紀の川市",,,
"30209","和歌山県","岩出市","2609",,"岩出市",,,
"30304","和歌山県","紀美野町",,,,"26003","海草郡","D"
"30341","和歌山県","かつらぎ町",,,,"26002","伊都郡","C"
"30343","和歌山県","九度山町",,,,"26002","伊都郡","A"
"30344","和歌山県","高野町",,,,"26002","伊都郡","D"
"30361","和歌山県","湯浅町",,,,"26001","有田郡","B"
"30362","和歌山県","広川町",,,,"26001","有田郡","A"
"30366","和歌山県","有田川町",,,,"26001","有田郡","F"
"30381","和歌山県","美浜町",,,,"26007","日高郡","H"
"30382","和歌山県","日高町",,,,"26007","日高郡","F"
"30383","和歌山県","由良町",,,,"26007","日高郡","C"
"30390","和歌山県","印南町",,,,"26007","日高郡","D"
"30391","和歌山県","みなべ町",,,,"26007","日高郡","K"
"30392","和歌山県","日高川町",,,,"26007","日高郡","L"
"30401","和歌山県","白浜町",,,,"26005","西牟婁郡","D"
"30404","和歌山県","上富田町",,,,"26005","西牟婁郡","B"
"30406","和歌山県","すさみ町",,,,"26005","西牟婁郡","E"
"30421","和歌山県","那智勝浦町",,,,"26006","東牟婁郡","F"
"30422","和歌山県","太地町",,,,"26006","東牟婁郡","E"
"30424","和歌山県","古座川町",,,,"26006","東牟婁郡","D"
"30427","和歌山県","北山村",,,,"26006","東牟婁郡","A"
"30428","和歌山県","串本町",,,,"26006","東牟婁郡","H"
"31201","鳥取県","鳥取市","3401",,"鳥取市",,,
"31202","鳥取県","米子市","3403",,"米子市",,,
"31203","鳥取県","倉吉市","3402",,"倉吉市",,,
"31204","鳥取県","境港市","3404",,"境港市",,,
"31302","鳥取県","岩美町",,,,"34001","岩美郡","A"
"31325","鳥取県","若桜町",,,,"34006","八頭郡","D"
"31328","鳥取県","智頭町",,,,"34006","八頭郡","G"
"31329","鳥取県","八頭町",,,,"34006","八頭郡","I"
"31364","鳥取県","三朝町",,,,"34004","東伯郡","I"
"31370","鳥取県","湯梨浜町",,,,"34004","東伯郡","J"
"31371","鳥取県","琴浦町",,,,"34004","東伯郡","K"
"31372","鳥取県","北栄町",,,,"34004","東伯郡","L"
"31384","鳥取県","日吉津村",,,,"34003","西伯郡","C"
"31386","鳥取県","大山町",,,,"34003","西伯郡","E"
"31389","鳥取県","南部町",,,,"34003","西伯郡","I"
"31390","鳥取県","伯耆町",,,,"34003","西伯郡","J"
"31401","鳥取県","日南町",,,,"34005","日野郡","B"
"31402","鳥取県","日野町",,,,"34005","日野郡","C"
"31403","鳥取県","江府町",,,,"34005","日野郡","A"
"32201","島根県","松江市","3201",,"松江市",,,
"32202","島根県","浜田市","3202",,"浜田市",,,
"32203","島根県","出雲市","3203",,"出雲市",,,
"32204","島根県","益田市","3204",,"益田市",,,
"32205","島根県","大田市","3205",,"大田市",,,
"32206","島根県","安来市","3206",,"安来市",,,
"32207","島根県","江津市","3207",,"江津市",,,
"32209","島根県","雲南市","3209",,"雲南市",,,
"32343","島根県","奥出雲町",,,,"32012","仁多郡","C"
"32386","島根県","飯南町",,,,"32003","飯石郡","F"
"32441","島根県","川本町",,,,"32004","邑智郡","C"
"32448","島根県","美郷町",,,,"32004","邑智郡","H"
"32449","島根県","邑南町",,,,"32004","邑智郡","I"
"32501","島根県","津和野町",,,,"32008","鹿足郡","C"
"32505","島根県","吉賀町",,,,"32008","鹿足郡","E"
"32525","島根県","海士町",,,,"32006","隠岐郡","D"
"32526","島根県","西ノ島町",,,,"32006","隠岐郡","G"
"32527","島根県","知夫村",,,,"32006","隠岐郡","B"
"32528","島根県","隠岐の島町",,,,"32006","隠岐郡","H"
"33100","岡山県","岡山市","3101",,"岡山市",,,
"33101","岡山県","岡山市 北区","3101","310101","岡山市",,,
"33102","岡山県","岡山市 中区","3101","310102","岡山市",,,
"33103","岡山県","岡山市 東区","3101","310103","岡山市",,,
"33104","岡山県","岡山市 南区","3101","310104","岡山市",,,
"33202","岡山県","倉敷市","3102",,"倉敷市",,,
"33203","岡山県","津山市","3103",,"津山市",,,
"33204","岡山県","玉野市","3104",,"玉野市",,,
"33205","岡山県","笠岡市","3107",,"笠岡市",,,
"33207","岡山県","井原市","3109",,"井原市",,,
"33208","岡山県","総社市","3110",,"総社市",,,
"33209","岡山県","高梁市","3111",,"高梁市",,,
"33210","岡山県","新見市","3112",,"新見市",,,
"33211","岡山県","備前市","3113",,"備前市",,,
"33212","岡山県","瀬戸内市","3114",,"瀬戸内市",,,
"33213","岡山県","赤磐市","3115",,"赤磐市",,,
"33214","岡山県","真庭市","3116",,"真庭市",,,
"33215","岡山県","美作市","3117",,"美作市",,,
"33216","岡山県","浅口市","3118",,"浅口市",,,
"33346","岡山県","和気町",,,,"31019","和気郡","B"
"33423","岡山県","早島町",,,,"31015","都窪郡","B"
"33445","岡山県","里庄町",,,,"31003","浅口郡","B"
"33461","岡山県","矢掛町",,,,"31006","小田郡","B"
"33586","岡山県","新庄村",,,,"31017","真庭郡","D"
"33606","岡山県","鏡野町",,,,"31016","苫田郡","E"
"33622","岡山県","勝央町",,,,"31007","勝田郡","D"
"33623","岡山県","奈義町",,,,"31007","勝田郡","B"
"33643","岡山県","西粟倉村",,,,"31001","英田郡","B"
"33663","岡山県","久米南町",,,,"31010","久米郡","D"
"33666","岡山県","美咲町",,,,"31010","久米郡","F"
"33681","岡山県","吉備中央町",,,,"31020","加賀郡","A"
"34100","広島県","広島市","3501",,"広島市",,,
"34101","広島県","広島市 中区","3501","350101","広島市",,,
"34102","広島県","広島市 東区","3501","350102","広島市",,,
"34103","広島県","広島市 南区","3501","350103","広島市",,,
"34104","広島県","広島市 西区","3501","350104","広島市",,,
"34105","広島県","広島市 安佐南区","3501","350105","広島市",,,
"34106","広島県","広島市 安佐北区","3501","350106","広島市",,,
"34107","広島県","広島市 安芸区","3501","350107","広島市",,,
"34108","広島県","広島市 佐伯区","3501","350108","広島市",,,
"34202","広島県","呉市","3502",,"呉市",,,
"34203","広島県","竹原市","3503",,"竹原市",,,
"34204","広島県","三原市","3504",,"三原市",,,
"34205","広島県","尾道市","3505",,"尾道市",,,
"34207","広島県","福山市","3508",,"福山市",,,
"34208","広島県","府中市","3509",,"府中市",,,
"34209","広島県","三次市","3510",,"三次市",,,
"34210","広島県","庄原市","3511",,"庄原市",,,
"34211","広島県","大竹市","3512",,"大竹市",,,
"34212","広島県","東広島市","3513",,"東広島市",,,
"34213","広島県","廿日市市","3514",,"廿日市市",,,
"34214","広島県","安芸高田市","3515",,"安芸高田市",,,
"34215","広島県","江田島市","3516",,"江田島市",,,
"34302","広島県","府中町",,,,"35001","安芸郡","H"
"34304","広島県","海田町",,,,"35001","安芸郡","C"
"34307","広島県","熊野町",,,,"35001","安芸郡","D"
"34309","広島県","坂町",,,,"35001","安芸郡","F"
"34368","広島県","安芸太田町",,,,"35016","山県郡","H"
"34369","広島県","北広島町",,,,"35016","山県郡","I"
"34431","広島県","大崎上島町",,,,"35010","豊田郡","K"
"34462","広島県","世羅町",,,,"35008","世羅郡","B"
"34545","広島県","神石高原町",,,,"35007","神石郡","E"
"35201","山口県","下関市","3302",,"下関市",,,
"35202","山口県","宇部市","3303",,"宇部市",,,
"35203","山口県","山口市","3301",,"山口市",,,
"35204","山口県","萩市","3304",,"萩市",,,
"35206","山口県","防府市","3306",,"防府市",,,
"35207","山口県","下松市","3307",,"下松市",,,
"35208","山口県","岩国市","3308",,"岩国市",,,
"35210","山口県","光市","3310",,"光市",,,
"35211","山口県","長門市","3311",,"長門市",,,
"35212","山口県","柳井市","3312",,"柳井市",,,
"35213","山口県","美祢市","3313",,"美祢市",,,
"35215","山口県","周南市","3315",,"周南市",,,
"35216","山口県","山陽小野田市","3316",,"山陽小野田市",,,
"35305","山口県","周防大島町",,,,"33003","大島郡","E"
"35321","山口県","和木町",,,,"33005","玖珂郡","E"
"35341","山口県","上関町",,,,"33006","熊毛郡","A"
"35343","山口県","田布施町",,,,"33006","熊毛郡","B"
"35344","山口県","平生町",,,,"33006","熊毛郡","E"
"35502","山口県","阿武町",,,,"33002","阿武郡","D"
"36201","徳島県","徳島市","3701",,"徳島市",,,
"36202","徳島県","鳴門市","3702",,"鳴門市",,,
"36203","徳島県","小松島市","3703",,"小松島市",,,
"36204","徳島県","阿南市","3704",,"阿南市",,,
"36205","徳島県","吉野川市","3705",,"吉野川市",,,
"36206","徳島県","阿波市","3706",,"阿波市",,,
"36207","徳島県","美馬市","3707",,"美馬市",,,
"36208","徳島県","三好市","3708",,"三好市",,,
"36301","徳島県","勝浦町",,,,"37005","勝浦郡","A"
"36302","徳島県","上勝町",,,,"37005","勝浦郡","B"
"36321","徳島県","佐那河内村",,,,"37008","名東郡","A"
"36341","徳島県","石井町",,,,"37007","名西郡","A"
"36342","徳島県","神山町",,,,"37007","名西郡","B"
"36368","徳島県","那賀町",,,,"37006","那賀郡","H"
"36383","徳島県","牟岐町",,,,"37004","海部郡","D"
"36387","徳島県","美波町",,,,"37004","海部郡","G"
"36388","徳島県","海陽町",,,,"37004","海部郡","H"
"36401","徳島県","松茂町",,,,"37002","板野郡","F"
"36402","徳島県","北島町",,,,"37002","板野郡","D"
"36403","徳島県","藍住町",,,,"37002","板野郡","A"
"36404","徳島県","板野町",,,,"37002","板野郡","B"
"36405","徳島県","上板町",,,,"37002","板野郡","C"
"36468","徳島県","つるぎ町",,,,"37009","美馬郡","H"
"36489","徳島県","東みよし町",,,,"37010","三好郡","I"
"37201","香川県","高松市","3601",,"高松市",,,
"37202","香川県","丸亀市","3602",,"丸亀市",,,
"37203","香川県","坂出市","3603",,"坂出市",,,
"37204","香川県","善通寺市","3604",,"善通寺市",,,
"37205","香川県","観音寺市","3605",,"観音寺市",,,
"37206","香川県","さぬき市","3606",,"さぬき市",,,
"37207","香川県","東かがわ市","3607",,"東かがわ市",,,
"37208","香川県","三豊市","3608",,"三豊市",,,
"37322","香川県","土庄町",,,,"36005","小豆郡","C"
"37324","香川県","小豆島町",,,,"36005","小豆郡","D"
"37341","香川県","三木町",,,,"36004","木田郡","B"
"37364","香川県","直島町",,,,"36003","香川郡","C"
"37386","香川県","宇多津町",,,,"36001","綾歌郡","C"
"37387","香川県","綾川町",,,,"36001","綾歌郡","G"
"37403","香川県","琴平町",,,,"36006","仲多度郡","A"
"37404","香川県","多度津町",,,,"36006","仲多度郡","B"
"37406","香川県","まんのう町",,,,"36006","仲多度郡","F"
"38201","愛媛県","松山市","3801",,"松山市",,,
"38202","愛媛県","今治市","3802",,"今治市",,,
"38203","愛媛県","宇和島市","3803",,"宇和島市",,,
"38204","愛媛県","八幡浜市","3804",,"八幡浜市",,,
"38205","愛媛県","新居浜市","3805",,"新居浜市",,,
"38206","愛媛県","西条市","3806",,"西条市",,,
"38207","愛媛県","大洲市","3807",,"大洲市",,,
"38210","愛媛県","伊予市","3810",,"伊予市",,,
"38213","愛媛県","四国中央市","3813",,"四国中央市",,,
"38214","愛媛県","西予市","3814",,"西予市",,,
"38215","愛媛県","東温市","3815",,"東温市",,,
"38356","愛媛県","上島町",,,,"38003","越智郡","P"
"38386","愛媛県","久万高原町",,,,"38005","上浮穴郡","F"
"38401","愛媛県","松前町",,,,"38001","伊予郡","B"
"38402","愛媛県","砥部町",,,,"38001","伊予郡","C"
"38422","愛媛県","内子町",,,,"38006","喜多郡","D"
"38442","愛媛県","伊方町",,,,"38010","西宇和郡","B"
"38484","愛媛県","松野町",,,,"38007","北宇和郡","F"
"38488","愛媛県","鬼北町",,,,"38007","北宇和郡","G"
"38506","愛媛県","愛南町",,,,"38012","南宇和郡","F"
"39201","高知県","高知市","3901",,"高知市",,,
"39202","高知県","室戸市","3902",,"室戸市",,,
"39203","高知県","安芸市","3903",,"安芸市",,,
"39204","高知県","南国市","3909",,"南国市",,,
"39205","高知県","土佐市","3904",,"土佐市",,,
"39206","高知県","須崎市","3905",,"須崎市",,,
"39208","高知県","宿毛市","3907",,"宿毛市",,,
"39209","高知県","土佐清水市","3908",,"土佐清水市",,,
"39210","高知県","四万十市","3910",,"四万十市",,,
"39211","高知県","香南市","3911",,"香南市",,,
"39212","高知県","香美市","3912",,"香美市",,,
"39301","高知県","東洋町",,,,"39002","安芸郡","G"
"39302","高知県","奈半利町",,,,"39002","安芸郡","C"
"39303","高知県","田野町",,,,"39002","安芸郡","B"
"39304","高知県","安田町",,,,"39002","安芸郡","D"
"39305","高知県","北川村",,,,"39002","安芸郡","E"
"39306","高知県","馬路村",,,,"39002","安芸郡","A"
"39307","高知県","芸西村",,,,"39002","安芸郡","F"
"39341","高知県","本山町",,,,"39006","長岡郡","B"
"39344","高知県","大豊町",,,,"39006","長岡郡","A"
"39363","高知県","土佐町",,,,"39005","土佐郡","D"
"39364","高知県","大川村",,,,"39005","土佐郡","C"
"39386","高知県","いの町",,,,"39001","吾川郡","F"
"39387","高知県","仁淀川町",,,,"39001","吾川郡","G"
"39401","高知県","中土佐町",,,,"39004","高岡郡","E"
"39402","高知県","佐川町",,,,"39004","高岡郡","B"
"39403","高知県","越知町",,,,"39004","高岡郡","C"
"39405","高知県","梼原町",,,,"39004","高岡郡","J"
"39410","高知県","日高村",,,,"39004","高岡郡","I"
"39411","高知県","津野町",,,,"39004","高岡郡","K"
"39412","高知県","四万十町",,,,"39004","高岡郡","L"
"39424","高知県","大月町",,,,"39007","幡多郡","E"
"39427","高知県","三原村",,,,"39007","幡多郡","C"
"39428","高知県","黒潮町",,,,"39007","幡多郡","H"
"40100","福岡県","北九州市","4021",,"北九州市",,,
"40101","福岡県","北九州市 門司区","4021","402101","北九州市",,,
"40103","福岡県","北九州市 若松区","4021","402102","北九州市",,,
"40105","福岡県","北九州市 戸畑区","4021","402103","北九州市",,,
"40106","福岡県","北九州市 小倉北区","4021","402104","北九州市",,,
"40107","福岡県","北九州市 小倉南区","4021","402105","北九州市",,,
"40108","福岡県","北九州市 八幡東区","4021","402106","北九州市",,,
"40109","福岡県","北九州市 八幡西区","4021","402107","北九州市",,,
"40130","福岡県","福岡市","4001",,"福岡市",,,
"40131","福岡県","福岡市 東区","4001","400101","福岡市",,,
"40132","福岡県","福岡市 博多区","4001","400102","福岡市",,,
"40133","福岡県","福岡市 中央区","4001","400103","福岡市",,,
"40134","福岡県","福岡市 南区","4001","400104","福岡市",,,
"40135","福岡県","福岡市 西区","4001","400105","福岡市",,,
"40136","福岡県","福岡市 城南区","4001","400106","福岡市",,,
"40137","福岡県","福岡市 早良区","4001","400107","福岡市",,,
"40202","福岡県","大牟田市","4008",,"大牟田市",,,
"40203","福岡県","久留米市","4007",,"久留米市",,,
"40204","福岡県","直方市","4009",,"直方市",,,
"40205","福岡県","飯塚市","4010",,"飯塚市",,,
"40206","福岡県","田川市","4011",,"田川市",,,
"40207","福岡県","柳川市","4012",,"柳川市",,,
"40210","福岡県","八女市","4015",,"八女市",,,
"40211","福岡県","筑後市","4016",,"筑後市",,,
"40212","福岡県","大川市","4017",,"大川市",,,
"40213","福岡県","行橋市","4018",,"行橋市",,,
"40214","福岡県","豊前市","4019",,"豊前市",,,
"40215","福岡県","中間市","4020",,"中間市",,,
"40216","福岡県","小郡市","4022",,"小郡市",,,
"40217","福岡県","筑紫野市","4024",,"筑紫野市",,,
"40218","福岡県","春日市","4023",,"春日市",,,
"40219","福岡県","大野城市","4025",,"大野城市",,,
"40220","福岡県","宗像市","4026",,"宗像市",,,
"40221","福岡県","太宰府市","4027",,"太宰府市",,,
"40223","福岡県","古賀市","4029",,"古賀市",,,
"40224","福岡県","福津市","4030",,"福津市",,,
"40225","福岡県","うきは市","4031",,"うきは市",,,
"40226","福岡県","宮若市","4032",,"宮若市",,,
"40227","福岡県","嘉麻市","4033",,"嘉麻市",,,
"40228","福岡県","朝倉市","4034",,"朝倉市",,,
"40229","福岡県","みやま市","4035",,"みやま市",,,
"40230","福岡県","糸島市","4036",,"糸島市",,,
"40231","福岡県","那珂川市","4037",,"那珂川市",,,
"40341","福岡県","宇美町",,,,"40005","糟屋郡","A"
"40342","福岡県","篠栗町",,,,"40005","糟屋郡","D"
"40343","福岡県","志免町",,,,"40005","糟屋郡","E"
"40344","福岡県","須恵町",,,,"40005","糟屋郡","H"
"40345","福岡県","新宮町",,,,"40005","糟屋郡","F"
"40348","福岡県","久山町",,,,"40005","糟屋郡","G"
"40349","福岡県","粕屋町",,,,"40005","糟屋郡","B"
"40381","福岡県","芦屋町",,,,"40004","遠賀郡","A"
"40382","福岡県","水巻町",,,,"40004","遠賀郡","D"
"40383","福岡県","岡垣町",,,,"40004","遠賀郡","B"
"40384","福岡県","遠賀町",,,,"40004","遠賀郡","C"
"40401","福岡県","小竹町",,,,"40007","鞍手郡","A"
"40402","福岡県","鞍手町",,,,"40007","鞍手郡","B"
"40421","福岡県","桂川町",,,,"40006","嘉穂郡","C"
"40447","福岡県","筑前町",,,,"40001","朝倉郡","G"
"40448","福岡県","東峰村",,,,"40001","朝倉郡","H"
"40503","福岡県","大刀洗町",,,,"40012","三井郡","B"
"40522","福岡県","大木町",,,,"40014","三潴郡","A"
"40544","福岡県","広川町",,,,"40018","八女郡","B"
"40601","福岡県","香春町",,,,"40009","田川郡","F"
"40602","福岡県","添田町",,,,"40009","田川郡","I"
"40604","福岡県","糸田町",,,,"40009","田川郡","C"
"40605","福岡県","川崎町",,,,"40009","田川郡","H"
"40608","福岡県","大任町",,,,"40009","田川郡","D"
"40609","福岡県","赤村",,,,"40009","田川郡","A"
"40610","福岡県","福智町",,,,"40009","田川郡","J"
"40621","福岡県","苅田町",,,,"40015","京都郡","B"
"40625","福岡県","みやこ町",,,,"40015","京都郡","E"
"40642","福岡県","吉富町",,,,"40011","築上郡","B"
"40646","福岡県","上毛町",,,,"40011","築上郡","F"
"40647","福岡県","築上町",,,,"40011","築上郡","G"
"41201","佐賀県","佐賀市","4101",,"佐賀市",,,
"41202","佐賀県","唐津市","4102",,"唐津市",,,
"41203","佐賀県","鳥栖市","4103",,"鳥栖市",,,
"41204","佐賀県","多久市","4104",,"多久市",,,
"41205","佐賀県","伊万里市","4105",,"伊万里市",,,
"41206","佐賀県","武雄市","4106",,"武雄市",,,
"41207","佐賀県","鹿島市","4107",,"鹿島市",,,
"41208","佐賀県","小城市","4108",,"小城市",,,
"41209","佐賀県","嬉野市","4109",,"嬉野市",,,
"41210","佐賀県","神埼市","4110",,"神埼市",,,
"41327","佐賀県","吉野ヶ里町",,,,"41002","神埼郡","G"
"41341","佐賀県","基山町",,,,"41008","三養基郡","C"
"41345","佐賀県","上峰町",,,,"41008","三養基郡","A"
"41346","佐賀県","みやき町",,,,"41008","三養基郡","F"
"41387","佐賀県","玄海町",,,,"41006","東松浦郡","D"
"41401","佐賀県","有田町",,,,"41005","西松浦郡","A"
"41423","佐賀県","大町町",,,,"41003","杵島郡","B"
"41424","佐賀県","江北町",,,,"41003","杵島郡","D"
"41425","佐賀県","白石町",,,,"41003","杵島郡","G"
"41441","佐賀県","太良町",,,,"41007","藤津郡","C"
"42201","長崎県","長崎市","4201",,"長崎市",,,
"42202","長崎県","佐世保市","4202",,"佐世保市",,,
"42203","長崎県","島原市","4203",,"島原市",,,
"42204","長崎県","諫早市","4204",,"諫早市",,,
"42205","長崎県","大村市","4205",,"大村市",,,
"42207","長崎県","平戸市","4207",,"平戸市",,,
"42208","長崎県","松浦市","4208",,"松浦市",,,
"42209","長崎県","対馬市","4209",,"対馬市",,,
"42210","長崎県","壱岐市","4210",,"壱岐市",,,
"42211","長崎県","五島市","4211",,"五島市",,,
"42212","長崎県","西海市","4212",,"西海市",,,
"42213","長崎県","雲仙市","4213",,"雲仙市",,,
"42214","長崎県","南島原市","4214",,"南島原市",,,
"42307","長崎県","長与町",,,,"42006","西彼杵郡","O"
"42308","長崎県","時津町",,,,"42006","西彼杵郡","N"
"42321","長崎県","東彼杵町",,,,"42007","東彼杵郡","C"
"42322","長崎県","川棚町",,,,"42007","東彼杵郡","A"
"42323","長崎県","波佐見町",,,,"42007","東彼杵郡","B"
"42383","長崎県","小値賀町",,,,"42004","北松浦郡","D"
"42391","長崎県","佐々町",,,,"42004","北松浦郡","E"
"42411","長崎県","新上五島町",,,,"42009","南松浦郡","K"
"43100","熊本県","熊本市","4301",,"熊本市",,,
"43101","熊本県","熊本市 中央区","4301","430101","熊本市",,,
"43102","熊本県","熊本市 東区","4301","430102","熊本市",,,
"43103","熊本県","熊本市 西区","4301","430103","熊本市",,,
"43104","熊本県","熊本市 南区","4301","430104","熊本市",,,
"43105","熊本県","熊本市 北区","4301","430105","熊本市",,,
"43202","熊本県","八代市","4302",,"八代市",,,
"43203","熊本県","人吉市","4303",,"人吉市",,,
"43204","熊本県","荒尾市","4304",,"荒尾市",,,
"43205","熊本県","水俣市","4305",,"水俣市",,,
"43206","熊本県","玉名市","4306",,"玉名市",,,
"43208","熊本県","山鹿市","4308",,"山鹿市",,,
"43210","熊本県","菊池市","4310",,"菊池市",,,
"43211","熊本県","宇土市","4311",,"宇土市",,,
"43212","熊本県","上天草市","4312",,"上天草市",,,
"43213","熊本県","宇城市","4313",,"宇城市",,,
"43214","熊本県","阿蘇市","4314",,"阿蘇市",,,
"43215","熊本県","天草市","4315",,"天草市",,,
"43216","熊本県","合志市","4316",,"合志市",,,
"43348","熊本県","美里町",,,,"43009","下益城郡","H"
"43364","熊本県","玉東町",,,,"43010","玉名郡","B"
"43367","熊本県","南関町",,,,"43010","玉名郡","G"
"43368","熊本県","長洲町",,,,"43010","玉名郡","E"
"43369","熊本県","和水町",,,,"43010","玉名郡","I"
"43403","熊本県","大津町",,,,"43007","菊池郡","G"
"43404","熊本県","菊陽町",,,,"43007","菊池郡","A"
"43423","熊本県","南小国町",,,,"43002","阿蘇郡","F"
"43424","熊本県","小国町",,,,"43002","阿蘇郡","C"
"43425","熊本県","産山村",,,,"43002","阿蘇郡","B"
"43428","熊本県","高森町",,,,"43002","阿蘇郡","I"
"43432","熊本県","西原村",,,,"43002","阿蘇郡","K"
"43433","熊本県","南阿蘇村",,,,"43002","阿蘇郡","M"
"43441","熊本県","御船町",,,,"43005","上益城郡","E"
"43442","熊本県","嘉島町",,,,"43005","上益城郡","A"
"43443","熊本県","益城町",,,,"43005","上益城郡","D"
"43444","熊本県","甲佐町",,,,"43005","上益城郡","C"
"43447","熊本県","山都町",,,,"43005","上益城郡","G"
"43468","熊本県","氷川町",,,,"43012","八代郡","H"
"43482","熊本県","芦北町",,,,"43001","葦北郡","C"
"43484","熊本県","津奈木町",,,,"43001","葦北郡","B"
"43501","熊本県","錦町",,,,"43008","球磨郡","F"
"43505","熊本県","多良木町",,,,"43008","球磨郡","E"
"43506","熊本県","湯前町",,,,"43008","球磨郡","K"
"43507","熊本県","水上村",,,,"43008","球磨郡","H"
"43510","熊本県","相良村",,,,"43008","球磨郡","M"
"43511","熊本県","五木村",,,,"43008","球磨郡","A"
"43512","熊本県","山江村",,,,"43008","球磨郡","J"
"43513","熊本県","球磨村",,,,"43008","球磨郡","L"
"43514","熊本県","あさぎり町",,,,"43008","球磨郡","N"
"43531","熊本県","苓北町",,,,"43003","天草郡","M"
"44201","大分県","大分市","4401",,"大分市",,,
"44202","大分県","別府市","4402",,"別府市",,,
"44203","大分県","中津市","4403",,"中津市",,,
"44204","大分県","日田市","4404",,"日田市",,,
"44205","大分県","佐伯市","4405",,"佐伯市",,,
"44206","大分県","臼杵市","4406",,"臼杵市",,,
"44207","大分県","津久見市","4407",,"津久見市",,,
"44208","大分県","竹田市","4408",,"竹田市",,,
"44209","大分県","豊後高田市","4410",,"豊後高田市",,,
"44210","大分県","杵築市","4411",,"杵築市",,,
"44211","大分県","宇佐市","4412",,"宇佐市",,,
"44212","大分県","豊後大野市","4413",,"豊後大野市",,,
"44213","大分県","由布市","4414",,"由布市",,,
"44214","大分県","国東市","4415",,"国東市",,,
"44322","大分県","姫島村",,,,"44010","東国東郡","A"
"44341","大分県","日出町",,,,"44009","速見郡","A"
"44461","大分県","九重町",,,,"44005","玖珠郡","B"
"44462","大分県","玖珠町",,,,"44005","玖珠郡","A"
"45201","宮崎県","宮崎市","4501",,"宮崎市",,,
"45202","宮崎県","都城市","4502",,"都城市",,,
"45203","宮崎県","延岡市","4503",,"延岡市",,,
"45204","宮崎県","日南市","4504",,"日南市",,,
"45205","宮崎県","小林市","4505",,"小林市",,,
"45206","宮崎県","日向市","4506",,"日向市",,,
"45207","宮崎県","串間市","4507",,"串間市",,,
"45208","宮崎県","西都市","4508",,"西都市",,,
"45209","宮崎県","えびの市","4509",,"えびの市",,,
"45341","宮崎県","三股町",,,,"45001","北諸県郡","B"
"45361","宮崎県","高原町",,,,"45004","西諸県郡","A"
"45382","宮崎県","国富町",,,,"45006","東諸県郡","B"
"45383","宮崎県","綾町",,,,"45006","東諸県郡","A"
"45401","宮崎県","高鍋町",,,,"45002","児湯郡","B"
"45402","宮崎県","新富町",,,,"45002","児湯郡","E"
"45403","宮崎県","西米良村",,,,"45002","児湯郡","F"
"45404","宮崎県","木城町",,,,"45002","児湯郡","D"
"45405","宮崎県","川南町",,,,"45002","児湯郡","A"
"45406","宮崎県","都農町",,,,"45002","児湯郡","C"
"45421","宮崎県","門川町",,,,"45005","東臼杵郡","B"
"45429","宮崎県","諸塚村",,,,"45005","東臼杵郡","J"
"45430","宮崎県","椎葉村",,,,"45005","東臼杵郡","H"
"45431","宮崎県","美郷町",,,,"45005","東臼杵郡","K"
"45441","宮崎県","高千穂町",,,,"45003","西臼杵郡","B"
"45442","宮崎県","日之影町",,,,"45003","西臼杵郡","C"
"45443","宮崎県","五ヶ瀬町",,,,"45003","西臼杵郡","A"
"46201","鹿児島県",,"4601",,"鹿児島市",,,
"46203","鹿児島県","鹿屋市","4603",,"鹿屋市",,,
"46204","鹿児島県","枕崎市","4604",,"枕崎市",,,
"46206","鹿児島県","阿久根市","4606",,"阿久根市",,,
"46208","鹿児島県","出水市","4607",,"出水市",,,
"46210","鹿児島県","指宿市","4610",,"指宿市",,,
"46213","鹿児島県","西之表市","4614",,"西之表市",,,
"46214","鹿児島県","垂水市","4615",,"垂水市",,,
"46215","鹿児島県","薩摩川内市","4616",,"薩摩川内市",,,
"46216","鹿児島県","日置市","4617",,"日置市",,,
"46217","鹿児島県","曽於市","4618",,"曽於市",,,
"46218","鹿児島県","霧島市","4619",,"霧島市",,,
"46219","鹿児島県","いちき串木野市","4620",,"いちき串木野市",,,
"46220","鹿児島県","南さつま市","4621",,"南さつま市",,,
"46221","鹿児島県","志布志市","4622",,"志布志市",,,
"46222","鹿児島県","奄美市","4623",,"奄美市",,,
"46223","鹿児島県","南九州市","4624",,"南九州市",,,
"46224","鹿児島県","伊佐市","4625",,"伊佐市",,,
"46225","鹿児島県","姶良市","4626",,"姶良市",,,
"46303","鹿児島県","三島村",,,,"46006","鹿児島郡","B"
"46304","鹿児島県","十島村",,,,"46006","鹿児島郡","D"
"46392","鹿児島県","さつま町",,,,"46010","薩摩郡","L"
"46404","鹿児島県","長島町",,,,"46003","出水郡","D"
"46452","鹿児島県","湧水町",,,,"46001","姶良郡","L"
"46468","鹿児島県","大崎町",,,,"46011","曽於郡","D"
"46482","鹿児島県","東串良町",,,,"46008","肝属郡","G"
"46490","鹿児島県","錦江町",,,,"46008","肝属郡","J"
"46491","鹿児島県","南大隅町",,,,"46008","肝属郡","K"
"46492","鹿児島県","肝付町",,,,"46008","肝属郡","L"
"46501","鹿児島県","中種子町",,,,"46009","熊毛郡","C"
"46502","鹿児島県","南種子町",,,,"46009","熊毛郡","A"
"46505","鹿児島県","屋久島町",,,,"46009","熊毛郡","E"
"46523","鹿児島県","大和村",,,,"46005","大島郡","M"
"46524","鹿児島県","宇検村",,,,"46005","大島郡","F"
"46525","鹿児島県","瀬戸内町",,,,"46005","大島郡","J"
"46527","鹿児島県","龍郷町",,,,"46005","大島郡","K"
"46529","鹿児島県","喜界町",,,,"46005","大島郡","H"
"46530","鹿児島県","徳之島町",,,,"46005","大島郡","L"
"46531","鹿児島県","天城町",,,,"46005","大島郡","D"
"46532","鹿児島県","伊仙町",,,,"46005","大島郡","E"
"46533","鹿児島県","和泊町",,,,"46005","大島郡","C"
"46534","鹿児島県","知名町",,,,"46005","大島郡","A"
"46535","鹿児島県","与論町",,,,"46005","大島郡","B"
"47201","沖縄県","那覇市","4701",,"那覇市",,,
"47205","沖縄県","宜野湾市","4706",,"宜野湾市",,,
"47207","沖縄県","石垣市","4704",,"石垣市",,,
"47208","沖縄県","浦添市","4709",,"浦添市",,,
"47209","沖縄県","名護市","4708",,"名護市",,,
"47210","沖縄県","糸満市","4710",,"糸満市",,,
"47211","沖縄県","沖縄市","4711",,"沖縄市",,,
"47212","沖縄県","豊見城市","4712",,"豊見城市",,,
"47213","沖縄県","うるま市","4713",,"うるま市",,,
"47214","沖縄県","宮古島市","4714",,"宮古島市",,,
"47215","沖縄県","南城市","4715",,"南城市",,,
"47301","沖縄県","国頭村",,,,"47001","国頭郡","H"
"47302","沖縄県","大宜味村",,,,"47001","国頭郡","B"
"47303","沖縄県","東村",,,,"47001","国頭郡","G"
"47306","沖縄県","今帰仁村",,,,"47001","国頭郡","F"
"47308","沖縄県","本部町",,,,"47001","国頭郡","I"
"47311","沖縄県","恩納村",,,,"47001","国頭郡","C"
"47313","沖縄県","宜野座村",,,,"47001","国頭郡","D"
"47314","沖縄県","金武町",,,,"47001","国頭郡","E"
"47315","沖縄県","伊江村",,,,"47001","国頭郡","A"
"47324","沖縄県","読谷村",,,,"47003","中頭郡","G"
"47325","沖縄県","嘉手納町",,,,"47003","中頭郡","B"
"47326","沖縄県","北谷町",,,,"47003","中頭郡","D"
"47327","沖縄県","北中城村",,,,"47003","中頭郡","C"
"47328","沖縄県","中城村",,,,"47003","中頭郡","E"
"47329","沖縄県","西原町",,,,"47003","中頭郡","F"
"47348","沖縄県","与那原町",,,,"47002","島尻郡","P"
"47350","沖縄県","南風原町",,,,"47002","島尻郡","N"
"47353","沖縄県","渡嘉敷村",,,,"47002","島尻郡","K"
"47354","沖縄県","座間味村",,,,"47002","島尻郡","R"
"47355","沖縄県","粟国村",,,,"47002","島尻郡","A"
"47356","沖縄県","渡名喜村",,,,"47002","島尻郡","L"
"47357","沖縄県","南大東村",,,,"47002","島尻郡","O"
"47358","沖縄県","北大東村",,,,"47002","島尻郡","E"
"47359","沖縄県","伊平屋村",,,,"47002","島尻郡","C"
"47360","沖縄県","伊是名村",,,,"47002","島尻郡","B"
"47361","沖縄県","久米島町",,,,"47002","島尻郡","T"
"47362","沖縄県","八重瀬町",,,,"47002","島尻郡","U"
"47375","沖縄県","多良間村",,,,"47004","宮古郡","E"
"47381","沖縄県","竹富町",,,,"47005","八重山郡","B"
"47382","沖縄県","与那国町",,,,"47005","八重山郡","A"
